<?xml version="1.0" encoding="UTF-8"?>
<Reinf xmlns="http://www.reinf.esocial.gov.br/schemas/evtTomadorServicos/v1_05_01">
  <evtServTom id="ID1465889500000002022090616355446589">
    <ideEvento>
      <indRetif>1</indRetif>
      <perApur>2022-08</perApur>
      <tpAmb>1</tpAmb>
      <procEmi>1</procEmi>
      <verProc>2.0</verProc>
    </ideEvento>
    <ideContri>
      <tpInsc>1</tpInsc>
      <nrInsc>46588950</nrInsc>
    </ideContri>
    <infoServTom>
      <ideEstabObra>
        <tpInscEstab>1</tpInscEstab>
        <nrInscEstab>46588950000180</nrInscEstab>
        <indObra>0</indObra>
        <idePrestServ>
          <cnpjPrestador>59974154000127</cnpjPrestador>
          <vlrTotalBruto>886247,08</vlrTotalBruto>
          <vlrTotalBaseRet>265874,12</vlrTotalBaseRet>
          <vlrTotalRetPrinc>9305,59</vlrTotalRetPrinc>
          <indCPRB>1</indCPRB>
          <nfs>
            <serie>NFSE</serie>
            <numDocto>292198</numDocto>
            <dtEmissaoNF>2022-08-17</dtEmissaoNF>
            <vlrBruto>7458,20</vlrBruto>
            <infoTpServ>
              <tpServico>100000024</tpServico>
              <vlrBaseRet>2237,46</vlrBaseRet>
              <vlrRetencao>78,31</vlrRetencao>
            </infoTpServ>
          </nfs>
          <nfs>
            <serie>NFSE</serie>
            <numDocto>292370</numDocto>
            <dtEmissaoNF>2022-08-23</dtEmissaoNF>
            <vlrBruto>26060,62</vlrBruto>
            <infoTpServ>
              <tpServico>100000024</tpServico>
              <vlrBaseRet>7818,18</vlrBaseRet>
              <vlrRetencao>273,63</vlrRetencao>
            </infoTpServ>
          </nfs>
          <nfs>
            <serie>NFSE</serie>
            <numDocto>291702</numDocto>
            <dtEmissaoNF>2022-08-09</dtEmissaoNF>
            <vlrBruto>852728,26</vlrBruto>
            <infoTpServ>
              <tpServico>100000024</tpServico>
              <vlrBaseRet>255818,48</vlrBaseRet>
              <vlrRetencao>8953,65</vlrRetencao>
            </infoTpServ>
          </nfs>
        </idePrestServ>
      </ideEstabObra>
    </infoServTom>
  </evtServTom>
</Reinf>
