<?xml version="1.0" encoding="UTF-8"?>
<Reinf xmlns="http://www.reinf.esocial.gov.br/schemas/evtTomadorServicos/v1_05_01">
  <evtServTom id="ID1465889500000002022090616355432307">
    <ideEvento>
      <indRetif>1</indRetif>
      <perApur>2022-08</perApur>
      <tpAmb>1</tpAmb>
      <procEmi>1</procEmi>
      <verProc>2.0</verProc>
    </ideEvento>
    <ideContri>
      <tpInsc>1</tpInsc>
      <nrInsc>46588950</nrInsc>
    </ideContri>
    <infoServTom>
      <ideEstabObra>
        <tpInscEstab>4</tpInscEstab>
        <nrInscEstab>900111842676</nrInscEstab>
        <indObra>1</indObra>
        <idePrestServ>
          <cnpjPrestador>06291846000104</cnpjPrestador>
          <vlrTotalBruto>489731,05</vlrTotalBruto>
          <vlrTotalBaseRet>171405,91</vlrTotalBaseRet>
          <vlrTotalRetPrinc>18854,64</vlrTotalRetPrinc>
          <indCPRB>0</indCPRB>
          <nfs>
            <serie>NFSE</serie>
            <numDocto>26287</numDocto>
            <dtEmissaoNF>2022-08-08</dtEmissaoNF>
            <vlrBruto>73315,20</vlrBruto>
            <infoTpServ>
              <tpServico>100000003</tpServico>
              <vlrBaseRet>25660,37</vlrBaseRet>
              <vlrRetencao>2822,64</vlrRetencao>
            </infoTpServ>
          </nfs>
          <nfs>
            <serie>NFSE</serie>
            <numDocto>26404</numDocto>
            <dtEmissaoNF>2022-08-31</dtEmissaoNF>
            <vlrBruto>317598,88</vlrBruto>
            <infoTpServ>
              <tpServico>100000003</tpServico>
              <vlrBaseRet>111159,60</vlrBaseRet>
              <vlrRetencao>12227,55</vlrRetencao>
            </infoTpServ>
          </nfs>
          <nfs>
            <serie>NFSE</serie>
            <numDocto>26288</numDocto>
            <dtEmissaoNF>2022-08-08</dtEmissaoNF>
            <vlrBruto>98816,97</vlrBruto>
            <infoTpServ>
              <tpServico>100000003</tpServico>
              <vlrBaseRet>34585,94</vlrBaseRet>
              <vlrRetencao>3804,45</vlrRetencao>
            </infoTpServ>
          </nfs>
        </idePrestServ>
      </ideEstabObra>
    </infoServTom>
  </evtServTom>
</Reinf>
