<?xml version="1.0" encoding="UTF-8"?>
<Reinf xmlns="http://www.reinf.esocial.gov.br/schemas/evtTomadorServicos/v1_05_01">
  <evtServTom id="ID1465889500000002022090616355465524">
    <ideEvento>
      <indRetif>1</indRetif>
      <perApur>2022-08</perApur>
      <tpAmb>1</tpAmb>
      <procEmi>1</procEmi>
      <verProc>2.0</verProc>
    </ideEvento>
    <ideContri>
      <tpInsc>1</tpInsc>
      <nrInsc>46588950</nrInsc>
    </ideContri>
    <infoServTom>
      <ideEstabObra>
        <tpInscEstab>4</tpInscEstab>
        <nrInscEstab>090081818277</nrInscEstab>
        <indObra>1</indObra>
        <idePrestServ>
          <cnpjPrestador>06291846000104</cnpjPrestador>
          <vlrTotalBruto>515191,74</vlrTotalBruto>
          <vlrTotalBaseRet>180317,10</vlrTotalBaseRet>
          <vlrTotalRetPrinc>19834,88</vlrTotalRetPrinc>
          <indCPRB>0</indCPRB>
          <nfs>
            <serie>NFSE</serie>
            <numDocto>26119</numDocto>
            <dtEmissaoNF>2022-08-01</dtEmissaoNF>
            <vlrBruto>515191,74</vlrBruto>
            <infoTpServ>
              <tpServico>100000003</tpServico>
              <vlrBaseRet>180317,10</vlrBaseRet>
              <vlrRetencao>19834,88</vlrRetencao>
            </infoTpServ>
          </nfs>
        </idePrestServ>
      </ideEstabObra>
    </infoServTom>
  </evtServTom>
</Reinf>
