<?xml version="1.0" encoding="UTF-8"?>
<Reinf xmlns="http://www.reinf.esocial.gov.br/schemas/evtTomadorServicos/v1_05_01">
  <evtServTom id="ID1465889500000002022090616355478531">
    <ideEvento>
      <indRetif>1</indRetif>
      <perApur>2022-08</perApur>
      <tpAmb>1</tpAmb>
      <procEmi>1</procEmi>
      <verProc>2.0</verProc>
    </ideEvento>
    <ideContri>
      <tpInsc>1</tpInsc>
      <nrInsc>46588950</nrInsc>
    </ideContri>
    <infoServTom>
      <ideEstabObra>
        <tpInscEstab>4</tpInscEstab>
        <nrInscEstab>900102055876</nrInscEstab>
        <indObra>1</indObra>
        <idePrestServ>
          <cnpjPrestador>06189645000109</cnpjPrestador>
          <vlrTotalBruto>141660,68</vlrTotalBruto>
          <vlrTotalBaseRet>70830,37</vlrTotalBaseRet>
          <vlrTotalRetPrinc>7791,34</vlrTotalRetPrinc>
          <indCPRB>0</indCPRB>
          <nfs>
            <serie>NFSE</serie>
            <numDocto>296</numDocto>
            <dtEmissaoNF>2022-08-12</dtEmissaoNF>
            <vlrBruto>141660,68</vlrBruto>
            <infoTpServ>
              <tpServico>100000003</tpServico>
              <vlrBaseRet>70830,37</vlrBaseRet>
              <vlrRetencao>7791,34</vlrRetencao>
            </infoTpServ>
          </nfs>
        </idePrestServ>
      </ideEstabObra>
    </infoServTom>
  </evtServTom>
</Reinf>