<?xml version="1.0" encoding="UTF-8"?>
<Reinf xmlns="http://www.reinf.esocial.gov.br/schemas/evtTomadorServicos/v1_05_01">
  <evtServTom id="ID1465889500000002022090616355436651">
    <ideEvento>
      <indRetif>1</indRetif>
      <perApur>2022-08</perApur>
      <tpAmb>1</tpAmb>
      <procEmi>1</procEmi>
      <verProc>2.0</verProc>
    </ideEvento>
    <ideContri>
      <tpInsc>1</tpInsc>
      <nrInsc>46588950</nrInsc>
    </ideContri>
    <infoServTom>
      <ideEstabObra>
        <tpInscEstab>1</tpInscEstab>
        <nrInscEstab>46588950000180</nrInscEstab>
        <indObra>0</indObra>
        <idePrestServ>
          <cnpjPrestador>59965038000141</cnpjPrestador>
          <vlrTotalBruto>426486,52</vlrTotalBruto>
          <vlrTotalBaseRet>127945,95</vlrTotalBaseRet>
          <vlrTotalRetPrinc>4478,09</vlrTotalRetPrinc>
          <indCPRB>1</indCPRB>
          <nfs>
            <serie>NFSE</serie>
            <numDocto>294980</numDocto>
            <dtEmissaoNF>2022-08-09</dtEmissaoNF>
            <vlrBruto>404983,04</vlrBruto>
            <infoTpServ>
              <tpServico>100000024</tpServico>
              <vlrBaseRet>121494,91</vlrBaseRet>
              <vlrRetencao>4252,32</vlrRetencao>
            </infoTpServ>
          </nfs>
          <nfs>
            <serie>NFSE</serie>
            <numDocto>295672</numDocto>
            <dtEmissaoNF>2022-08-23</dtEmissaoNF>
            <vlrBruto>12376,88</vlrBruto>
            <infoTpServ>
              <tpServico>100000024</tpServico>
              <vlrBaseRet>3713,06</vlrBaseRet>
              <vlrRetencao>129,95</vlrRetencao>
            </infoTpServ>
          </nfs>
          <nfs>
            <serie>NFSE</serie>
            <numDocto>295499</numDocto>
            <dtEmissaoNF>2022-08-17</dtEmissaoNF>
            <vlrBruto>3542,10</vlrBruto>
            <infoTpServ>
              <tpServico>100000024</tpServico>
              <vlrBaseRet>1062,63</vlrBaseRet>
              <vlrRetencao>37,19</vlrRetencao>
            </infoTpServ>
          </nfs>
          <nfs>
            <serie>NFSE</serie>
            <numDocto>295432</numDocto>
            <dtEmissaoNF>2022-08-16</dtEmissaoNF>
            <vlrBruto>5584,50</vlrBruto>
            <infoTpServ>
              <tpServico>100000024</tpServico>
              <vlrBaseRet>1675,35</vlrBaseRet>
              <vlrRetencao>58,63</vlrRetencao>
            </infoTpServ>
          </nfs>
        </idePrestServ>
      </ideEstabObra>
    </infoServTom>
  </evtServTom>
</Reinf>