<?xml version="1.0" encoding="UTF-8"?>
<Reinf xmlns="http://www.reinf.esocial.gov.br/schemas/evtTomadorServicos/v1_05_01">
  <evtServTom id="ID1465889500000002022090616355476893">
    <ideEvento>
      <indRetif>1</indRetif>
      <perApur>2022-08</perApur>
      <tpAmb>1</tpAmb>
      <procEmi>1</procEmi>
      <verProc>2.0</verProc>
    </ideEvento>
    <ideContri>
      <tpInsc>1</tpInsc>
      <nrInsc>46588950</nrInsc>
    </ideContri>
    <infoServTom>
      <ideEstabObra>
        <tpInscEstab>1</tpInscEstab>
        <nrInscEstab>46588950000180</nrInscEstab>
        <indObra>0</indObra>
        <idePrestServ>
          <cnpjPrestador>14926910000104</cnpjPrestador>
          <vlrTotalBruto>41205,90</vlrTotalBruto>
          <vlrTotalBaseRet>41205,91</vlrTotalBaseRet>
          <vlrTotalRetPrinc>4532,65</vlrTotalRetPrinc>
          <indCPRB>0</indCPRB>
          <nfs>
            <serie>NFSE</serie>
            <numDocto>458</numDocto>
            <dtEmissaoNF>2022-08-01</dtEmissaoNF>
            <vlrBruto>41205,90</vlrBruto>
            <infoTpServ>
              <tpServico>100000001</tpServico>
              <vlrBaseRet>41205,91</vlrBaseRet>
              <vlrRetencao>4532,65</vlrRetencao>
            </infoTpServ>
          </nfs>
        </idePrestServ>
      </ideEstabObra>
    </infoServTom>
  </evtServTom>
</Reinf>
