<?xml version="1.0" encoding="UTF-8"?>
<Reinf xmlns="http://www.reinf.esocial.gov.br/schemas/evtTomadorServicos/v1_05_01">
  <evtServTom id="ID1465889500000002022090616355462908">
    <ideEvento>
      <indRetif>1</indRetif>
      <perApur>2022-08</perApur>
      <tpAmb>1</tpAmb>
      <procEmi>1</procEmi>
      <verProc>2.0</verProc>
    </ideEvento>
    <ideContri>
      <tpInsc>1</tpInsc>
      <nrInsc>46588950</nrInsc>
    </ideContri>
    <infoServTom>
      <ideEstabObra>
        <tpInscEstab>4</tpInscEstab>
        <nrInscEstab>090087194579</nrInscEstab>
        <indObra>1</indObra>
        <idePrestServ>
          <cnpjPrestador>14173369000100</cnpjPrestador>
          <vlrTotalBruto>398815,92</vlrTotalBruto>
          <vlrTotalBaseRet>119644,78</vlrTotalBaseRet>
          <vlrTotalRetPrinc>13160,92</vlrTotalRetPrinc>
          <indCPRB>0</indCPRB>
          <nfs>
            <serie>NFSE</serie>
            <numDocto>891</numDocto>
            <dtEmissaoNF>2022-08-02</dtEmissaoNF>
            <vlrBruto>398815,92</vlrBruto>
            <infoTpServ>
              <tpServico>100000003</tpServico>
              <vlrBaseRet>119644,78</vlrBaseRet>
              <vlrRetencao>13160,92</vlrRetencao>
            </infoTpServ>
          </nfs>
        </idePrestServ>
      </ideEstabObra>
    </infoServTom>
  </evtServTom>
</Reinf>
