<?xml version="1.0" encoding="UTF-8"?>
<Reinf xmlns="http://www.reinf.esocial.gov.br/schemas/evtTomadorServicos/v1_05_01">
  <evtServTom id="ID1465889500000002022090616355413375">
    <ideEvento>
      <indRetif>1</indRetif>
      <perApur>2022-08</perApur>
      <tpAmb>1</tpAmb>
      <procEmi>1</procEmi>
      <verProc>2.0</verProc>
    </ideEvento>
    <ideContri>
      <tpInsc>1</tpInsc>
      <nrInsc>46588950</nrInsc>
    </ideContri>
    <infoServTom>
      <ideEstabObra>
        <tpInscEstab>4</tpInscEstab>
        <nrInscEstab>900108416974</nrInscEstab>
        <indObra>1</indObra>
        <idePrestServ>
          <cnpjPrestador>14545614000163</cnpjPrestador>
          <vlrTotalBruto>80875,61</vlrTotalBruto>
          <vlrTotalBaseRet>40437,80</vlrTotalBaseRet>
          <vlrTotalRetPrinc>1415,32</vlrTotalRetPrinc>
          <indCPRB>1</indCPRB>
          <nfs>
            <serie>NFSE</serie>
            <numDocto>425</numDocto>
            <dtEmissaoNF>2022-08-22</dtEmissaoNF>
            <vlrBruto>80875,61</vlrBruto>
            <infoTpServ>
              <tpServico>100000003</tpServico>
              <vlrBaseRet>40437,80</vlrBaseRet>
              <vlrRetencao>1415,32</vlrRetencao>
            </infoTpServ>
          </nfs>
        </idePrestServ>
      </ideEstabObra>
    </infoServTom>
  </evtServTom>
</Reinf>
