<?xml version="1.0" encoding="UTF-8"?>
<Reinf xmlns="http://www.reinf.esocial.gov.br/schemas/evtTomadorServicos/v1_05_01">
  <evtServTom id="ID1465889500000002022090616355482155">
    <ideEvento>
      <indRetif>1</indRetif>
      <perApur>2022-08</perApur>
      <tpAmb>1</tpAmb>
      <procEmi>1</procEmi>
      <verProc>2.0</verProc>
    </ideEvento>
    <ideContri>
      <tpInsc>1</tpInsc>
      <nrInsc>46588950</nrInsc>
    </ideContri>
    <infoServTom>
      <ideEstabObra>
        <tpInscEstab>4</tpInscEstab>
        <nrInscEstab>900101369773</nrInscEstab>
        <indObra>1</indObra>
        <idePrestServ>
          <cnpjPrestador>15522788000173</cnpjPrestador>
          <vlrTotalBruto>96266,53</vlrTotalBruto>
          <vlrTotalBaseRet>48133,28</vlrTotalBaseRet>
          <vlrTotalRetPrinc>5294,66</vlrTotalRetPrinc>
          <indCPRB>0</indCPRB>
          <nfs>
            <serie>NFSE</serie>
            <numDocto>282</numDocto>
            <dtEmissaoNF>2022-08-04</dtEmissaoNF>
            <vlrBruto>96266,53</vlrBruto>
            <infoTpServ>
              <tpServico>100000003</tpServico>
              <vlrBaseRet>48133,28</vlrBaseRet>
              <vlrRetencao>5294,66</vlrRetencao>
            </infoTpServ>
          </nfs>
        </idePrestServ>
      </ideEstabObra>
    </infoServTom>
  </evtServTom>
</Reinf>