<?xml version="1.0" encoding="UTF-8"?>
<Reinf xmlns="http://www.reinf.esocial.gov.br/schemas/evtTomadorServicos/v1_05_01">
  <evtServTom id="ID1465889500000002022090616355444535">
    <ideEvento>
      <indRetif>1</indRetif>
      <perApur>2022-08</perApur>
      <tpAmb>1</tpAmb>
      <procEmi>1</procEmi>
      <verProc>2.0</verProc>
    </ideEvento>
    <ideContri>
      <tpInsc>1</tpInsc>
      <nrInsc>46588950</nrInsc>
    </ideContri>
    <infoServTom>
      <ideEstabObra>
        <tpInscEstab>4</tpInscEstab>
        <nrInscEstab>900115710669</nrInscEstab>
        <indObra>1</indObra>
        <idePrestServ>
          <cnpjPrestador>08377981000100</cnpjPrestador>
          <vlrTotalBruto>277754,45</vlrTotalBruto>
          <vlrTotalBaseRet>27775,44</vlrTotalBaseRet>
          <vlrTotalRetPrinc>3055,29</vlrTotalRetPrinc>
          <indCPRB>0</indCPRB>
          <nfs>
            <serie>NFSE</serie>
            <numDocto>455</numDocto>
            <dtEmissaoNF>2022-08-12</dtEmissaoNF>
            <vlrBruto>277754,45</vlrBruto>
            <infoTpServ>
              <tpServico>100000003</tpServico>
              <vlrBaseRet>27775,44</vlrBaseRet>
              <vlrRetencao>3055,29</vlrRetencao>
            </infoTpServ>
          </nfs>
        </idePrestServ>
      </ideEstabObra>
    </infoServTom>
  </evtServTom>
</Reinf>