<?xml version="1.0" encoding="UTF-8"?>
<Reinf xmlns="http://www.reinf.esocial.gov.br/schemas/evtTomadorServicos/v1_05_01">
  <evtServTom id="ID1465889500000002022090616355455001">
    <ideEvento>
      <indRetif>1</indRetif>
      <perApur>2022-08</perApur>
      <tpAmb>1</tpAmb>
      <procEmi>1</procEmi>
      <verProc>2.0</verProc>
    </ideEvento>
    <ideContri>
      <tpInsc>1</tpInsc>
      <nrInsc>46588950</nrInsc>
    </ideContri>
    <infoServTom>
      <ideEstabObra>
        <tpInscEstab>1</tpInscEstab>
        <nrInscEstab>46588950000180</nrInscEstab>
        <indObra>0</indObra>
        <idePrestServ>
          <cnpjPrestador>00009062000164</cnpjPrestador>
          <vlrTotalBruto>3059378,26</vlrTotalBruto>
          <vlrTotalBaseRet>2703322,15</vlrTotalBaseRet>
          <vlrTotalRetPrinc>297365,42</vlrTotalRetPrinc>
          <indCPRB>0</indCPRB>
          <nfs>
            <serie>NFSE</serie>
            <numDocto>1521</numDocto>
            <dtEmissaoNF>2022-08-04</dtEmissaoNF>
            <vlrBruto>35351,60</vlrBruto>
            <infoTpServ>
              <tpServico>100000031</tpServico>
              <vlrBaseRet>29045,83</vlrBaseRet>
              <vlrRetencao>3195,04</vlrRetencao>
            </infoTpServ>
          </nfs>
          <nfs>
            <serie>NFSE</serie>
            <numDocto>1524</numDocto>
            <dtEmissaoNF>2022-08-30</dtEmissaoNF>
            <vlrBruto>446238,39</vlrBruto>
            <infoTpServ>
              <tpServico>100000024</tpServico>
              <vlrBaseRet>429938,39</vlrBaseRet>
              <vlrRetencao>47293,22</vlrRetencao>
            </infoTpServ>
          </nfs>
          <nfs>
            <serie>NFSE</serie>
            <numDocto>1523</numDocto>
            <dtEmissaoNF>2022-08-30</dtEmissaoNF>
            <vlrBruto>1127421,94</vlrBruto>
            <infoTpServ>
              <tpServico>100000031</tpServico>
              <vlrBaseRet>919537,50</vlrBaseRet>
              <vlrRetencao>101149,12</vlrRetencao>
            </infoTpServ>
          </nfs>
          <nfs>
            <serie>NFSE</serie>
            <numDocto>1526</numDocto>
            <dtEmissaoNF>2022-08-31</dtEmissaoNF>
            <vlrBruto>534579,77</vlrBruto>
            <infoTpServ>
              <tpServico>100000031</tpServico>
              <vlrBaseRet>473604,57</vlrBaseRet>
              <vlrRetencao>52096,50</vlrRetencao>
            </infoTpServ>
          </nfs>
          <nfs>
            <serie>NFSE</serie>
            <numDocto>1523</numDocto>
            <dtEmissaoNF>2022-08-11</dtEmissaoNF>
            <vlrBruto>588832,19</vlrBruto>
            <infoTpServ>
              <tpServico>100000031</tpServico>
              <vlrBaseRet>565622,46</vlrBaseRet>
              <vlrRetencao>62218,47</vlrRetencao>
            </infoTpServ>
          </nfs>
          <nfs>
            <serie>NFSE</serie>
            <numDocto>1527</numDocto>
            <dtEmissaoNF>2022-08-31</dtEmissaoNF>
            <vlrBruto>326954,37</vlrBruto>
            <infoTpServ>
              <tpServico>100000031</tpServico>
              <vlrBaseRet>285573,40</vlrBaseRet>
              <vlrRetencao>31413,07</vlrRetencao>
            </infoTpServ>
          </nfs>
        </idePrestServ>
      </ideEstabObra>
    </infoServTom>
  </evtServTom>
</Reinf>
