<?xml version="1.0" encoding="UTF-8"?>
<Reinf xmlns="http://www.reinf.esocial.gov.br/schemas/evtTomadorServicos/v1_05_01">
  <evtServTom id="ID1465889500000002022090616355482933">
    <ideEvento>
      <indRetif>1</indRetif>
      <perApur>2022-08</perApur>
      <tpAmb>1</tpAmb>
      <procEmi>1</procEmi>
      <verProc>2.0</verProc>
    </ideEvento>
    <ideContri>
      <tpInsc>1</tpInsc>
      <nrInsc>46588950</nrInsc>
    </ideContri>
    <infoServTom>
      <ideEstabObra>
        <tpInscEstab>1</tpInscEstab>
        <nrInscEstab>46588950000180</nrInscEstab>
        <indObra>0</indObra>
        <idePrestServ>
          <cnpjPrestador>17312448005021</cnpjPrestador>
          <vlrTotalBruto>2596,00</vlrTotalBruto>
          <vlrTotalBaseRet>2596,00</vlrTotalBaseRet>
          <vlrTotalRetPrinc>285,56</vlrTotalRetPrinc>
          <indCPRB>0</indCPRB>
          <nfs>
            <serie>NFSE</serie>
            <numDocto>1169</numDocto>
            <dtEmissaoNF>2022-08-05</dtEmissaoNF>
            <vlrBruto>2596,00</vlrBruto>
            <infoTpServ>
              <tpServico>100000020</tpServico>
              <vlrBaseRet>2596,00</vlrBaseRet>
              <vlrRetencao>285,56</vlrRetencao>
            </infoTpServ>
          </nfs>
        </idePrestServ>
      </ideEstabObra>
    </infoServTom>
  </evtServTom>
</Reinf>