<?xml version="1.0" encoding="UTF-8"?>
<Reinf xmlns="http://www.reinf.esocial.gov.br/schemas/evtTomadorServicos/v1_05_01">
  <evtServTom id="ID1465889500000002022090616355401950">
    <ideEvento>
      <indRetif>1</indRetif>
      <perApur>2022-08</perApur>
      <tpAmb>1</tpAmb>
      <procEmi>1</procEmi>
      <verProc>2.0</verProc>
    </ideEvento>
    <ideContri>
      <tpInsc>1</tpInsc>
      <nrInsc>46588950</nrInsc>
    </ideContri>
    <infoServTom>
      <ideEstabObra>
        <tpInscEstab>1</tpInscEstab>
        <nrInscEstab>46588950000180</nrInscEstab>
        <indObra>0</indObra>
        <idePrestServ>
          <cnpjPrestador>21297153000112</cnpjPrestador>
          <vlrTotalBruto>3528676,83</vlrTotalBruto>
          <vlrTotalBaseRet>3528676,91</vlrTotalBaseRet>
          <vlrTotalRetPrinc>388154,44</vlrTotalRetPrinc>
          <indCPRB>0</indCPRB>
          <nfs>
            <serie>NFSE</serie>
            <numDocto>604</numDocto>
            <dtEmissaoNF>2022-08-11</dtEmissaoNF>
            <vlrBruto>188261,49</vlrBruto>
            <infoTpServ>
              <tpServico>100000031</tpServico>
              <vlrBaseRet>188261,49</vlrBaseRet>
              <vlrRetencao>20708,76</vlrRetencao>
            </infoTpServ>
          </nfs>
          <nfs>
            <serie>NFSE</serie>
            <numDocto>544</numDocto>
            <dtEmissaoNF>2022-08-01</dtEmissaoNF>
            <vlrBruto>85552,45</vlrBruto>
            <infoTpServ>
              <tpServico>100000002</tpServico>
              <vlrBaseRet>85552,45</vlrBaseRet>
              <vlrRetencao>9410,76</vlrRetencao>
            </infoTpServ>
          </nfs>
          <nfs>
            <serie>NFSE</serie>
            <numDocto>546</numDocto>
            <dtEmissaoNF>2022-08-01</dtEmissaoNF>
            <vlrBruto>2050311,51</vlrBruto>
            <infoTpServ>
              <tpServico>100000002</tpServico>
              <vlrBaseRet>2050311,55</vlrBaseRet>
              <vlrRetencao>225534,27</vlrRetencao>
            </infoTpServ>
          </nfs>
          <nfs>
            <serie>NFSE</serie>
            <numDocto>606</numDocto>
            <dtEmissaoNF>2022-08-11</dtEmissaoNF>
            <vlrBruto>35915,13</vlrBruto>
            <infoTpServ>
              <tpServico>100000031</tpServico>
              <vlrBaseRet>35915,13</vlrBaseRet>
              <vlrRetencao>3950,66</vlrRetencao>
            </infoTpServ>
          </nfs>
          <nfs>
            <serie>NFSE</serie>
            <numDocto>547</numDocto>
            <dtEmissaoNF>2022-08-01</dtEmissaoNF>
            <vlrBruto>750182,06</vlrBruto>
            <infoTpServ>
              <tpServico>100000002</tpServico>
              <vlrBaseRet>750182,10</vlrBaseRet>
              <vlrRetencao>82520,03</vlrRetencao>
            </infoTpServ>
          </nfs>
          <nfs>
            <serie>NFSE</serie>
            <numDocto>605</numDocto>
            <dtEmissaoNF>2022-08-11</dtEmissaoNF>
            <vlrBruto>418454,19</vlrBruto>
            <infoTpServ>
              <tpServico>100000031</tpServico>
              <vlrBaseRet>418454,19</vlrBaseRet>
              <vlrRetencao>46029,96</vlrRetencao>
            </infoTpServ>
          </nfs>
        </idePrestServ>
      </ideEstabObra>
    </infoServTom>
  </evtServTom>
</Reinf>
