<?xml version="1.0" encoding="UTF-8"?>
<Reinf xmlns="http://www.reinf.esocial.gov.br/schemas/evtTomadorServicos/v1_05_01">
  <evtServTom id="ID1465889500000002022091208374363247">
    <ideEvento>
      <indRetif>1</indRetif>
      <perApur>2022-08</perApur>
      <tpAmb>1</tpAmb>
      <procEmi>1</procEmi>
      <verProc>2.0</verProc>
    </ideEvento>
    <ideContri>
      <tpInsc>1</tpInsc>
      <nrInsc>46588950</nrInsc>
    </ideContri>
    <infoServTom>
      <ideEstabObra>
        <tpInscEstab>1</tpInscEstab>
        <nrInscEstab>46588950000180</nrInscEstab>
        <indObra>0</indObra>
        <idePrestServ>
          <cnpjPrestador>08869838000128</cnpjPrestador>
          <vlrTotalBruto>330858,98</vlrTotalBruto>
          <vlrTotalBaseRet>330859,00</vlrTotalBaseRet>
          <vlrTotalRetPrinc>36394,49</vlrTotalRetPrinc>
          <indCPRB>0</indCPRB>
          <nfs>
            <serie>NFSE</serie>
            <numDocto>332</numDocto>
            <dtEmissaoNF>2022-08-09</dtEmissaoNF>
            <vlrBruto>330858,98</vlrBruto>
            <infoTpServ>
              <tpServico>100000022</tpServico>
              <vlrBaseRet>330859,00</vlrBaseRet>
              <vlrRetencao>36394,49</vlrRetencao>
            </infoTpServ>
          </nfs>
        </idePrestServ>
      </ideEstabObra>
    </infoServTom>
  </evtServTom>
</Reinf>
