<?xml version="1.0" encoding="UTF-8"?>
<Reinf xmlns="http://www.reinf.esocial.gov.br/schemas/evtTomadorServicos/v1_05_01">
  <evtServTom id="ID1465889500000002022091208374356810">
    <ideEvento>
      <indRetif>1</indRetif>
      <perApur>2022-08</perApur>
      <tpAmb>1</tpAmb>
      <procEmi>1</procEmi>
      <verProc>2.0</verProc>
    </ideEvento>
    <ideContri>
      <tpInsc>1</tpInsc>
      <nrInsc>46588950</nrInsc>
    </ideContri>
    <infoServTom>
      <ideEstabObra>
        <tpInscEstab>1</tpInscEstab>
        <nrInscEstab>46588950000180</nrInscEstab>
        <indObra>0</indObra>
        <idePrestServ>
          <cnpjPrestador>56283930000154</cnpjPrestador>
          <vlrTotalBruto>484789,29</vlrTotalBruto>
          <vlrTotalBaseRet>242394,66</vlrTotalBaseRet>
          <vlrTotalRetPrinc>26663,40</vlrTotalRetPrinc>
          <indCPRB>0</indCPRB>
          <nfs>
            <serie>NFSE</serie>
            <numDocto>2112</numDocto>
            <dtEmissaoNF>2022-08-19</dtEmissaoNF>
            <vlrBruto>140482,92</vlrBruto>
            <infoTpServ>
              <tpServico>100000003</tpServico>
              <vlrBaseRet>70241,46</vlrBaseRet>
              <vlrRetencao>7726,56</vlrRetencao>
            </infoTpServ>
          </nfs>
          <nfs>
            <serie>NFSE</serie>
            <numDocto>2115</numDocto>
            <dtEmissaoNF>2022-08-19</dtEmissaoNF>
            <vlrBruto>102995,96</vlrBruto>
            <infoTpServ>
              <tpServico>100000003</tpServico>
              <vlrBaseRet>51497,98</vlrBaseRet>
              <vlrRetencao>5664,77</vlrRetencao>
            </infoTpServ>
          </nfs>
          <nfs>
            <serie>NFSE</serie>
            <numDocto>2117</numDocto>
            <dtEmissaoNF>2022-08-19</dtEmissaoNF>
            <vlrBruto>61949,11</vlrBruto>
            <infoTpServ>
              <tpServico>100000003</tpServico>
              <vlrBaseRet>30974,56</vlrBaseRet>
              <vlrRetencao>3407,20</vlrRetencao>
            </infoTpServ>
          </nfs>
          <nfs>
            <serie>NFSE</serie>
            <numDocto>2116</numDocto>
            <dtEmissaoNF>2022-08-19</dtEmissaoNF>
            <vlrBruto>37701,67</vlrBruto>
            <infoTpServ>
              <tpServico>100000003</tpServico>
              <vlrBaseRet>18850,84</vlrBaseRet>
              <vlrRetencao>2073,59</vlrRetencao>
            </infoTpServ>
          </nfs>
          <nfs>
            <serie>NFSE</serie>
            <numDocto>2118</numDocto>
            <dtEmissaoNF>2022-08-19</dtEmissaoNF>
            <vlrBruto>141659,63</vlrBruto>
            <infoTpServ>
              <tpServico>100000003</tpServico>
              <vlrBaseRet>70829,82</vlrBaseRet>
              <vlrRetencao>7791,28</vlrRetencao>
            </infoTpServ>
          </nfs>
        </idePrestServ>
      </ideEstabObra>
    </infoServTom>
  </evtServTom>
</Reinf>
