<?xml version="1.0" encoding="UTF-8"?>
<Reinf xmlns="http://www.reinf.esocial.gov.br/schemas/evtTomadorServicos/v1_05_01">
  <evtServTom id="ID1465889500000002022091208374309186">
    <ideEvento>
      <indRetif>1</indRetif>
      <perApur>2022-08</perApur>
      <tpAmb>1</tpAmb>
      <procEmi>1</procEmi>
      <verProc>2.0</verProc>
    </ideEvento>
    <ideContri>
      <tpInsc>1</tpInsc>
      <nrInsc>46588950</nrInsc>
    </ideContri>
    <infoServTom>
      <ideEstabObra>
        <tpInscEstab>1</tpInscEstab>
        <nrInscEstab>46588950000180</nrInscEstab>
        <indObra>0</indObra>
        <idePrestServ>
          <cnpjPrestador>12300587000133</cnpjPrestador>
          <vlrTotalBruto>104545,23</vlrTotalBruto>
          <vlrTotalBaseRet>41818,09</vlrTotalBaseRet>
          <vlrTotalRetPrinc>1463,63</vlrTotalRetPrinc>
          <indCPRB>1</indCPRB>
          <nfs>
            <serie>NFSE</serie>
            <numDocto>356</numDocto>
            <dtEmissaoNF>2022-08-03</dtEmissaoNF>
            <vlrBruto>104545,23</vlrBruto>
            <infoTpServ>
              <tpServico>100000003</tpServico>
              <vlrBaseRet>41818,09</vlrBaseRet>
              <vlrRetencao>1463,63</vlrRetencao>
            </infoTpServ>
          </nfs>
        </idePrestServ>
      </ideEstabObra>
    </infoServTom>
  </evtServTom>
</Reinf>
