<?xml version="1.0" encoding="UTF-8"?>
<Reinf xmlns="http://www.reinf.esocial.gov.br/schemas/evtTomadorServicos/v1_05_01">
  <evtServTom id="ID1465889500000002022091208374371940">
    <ideEvento>
      <indRetif>1</indRetif>
      <perApur>2022-08</perApur>
      <tpAmb>1</tpAmb>
      <procEmi>1</procEmi>
      <verProc>2.0</verProc>
    </ideEvento>
    <ideContri>
      <tpInsc>1</tpInsc>
      <nrInsc>46588950</nrInsc>
    </ideContri>
    <infoServTom>
      <ideEstabObra>
        <tpInscEstab>1</tpInscEstab>
        <nrInscEstab>46588950000180</nrInscEstab>
        <indObra>0</indObra>
        <idePrestServ>
          <cnpjPrestador>06291846000104</cnpjPrestador>
          <vlrTotalBruto>8739903,50</vlrTotalBruto>
          <vlrTotalBaseRet>6593203,83</vlrTotalBaseRet>
          <vlrTotalRetPrinc>725252,40</vlrTotalRetPrinc>
          <indCPRB>0</indCPRB>
          <nfs>
            <serie>NFSE</serie>
            <numDocto>26161</numDocto>
            <dtEmissaoNF>2022-08-05</dtEmissaoNF>
            <vlrBruto>58738,98</vlrBruto>
            <infoTpServ>
              <tpServico>100000001</tpServico>
              <vlrBaseRet>20558,64</vlrBaseRet>
              <vlrRetencao>2261,45</vlrRetencao>
            </infoTpServ>
          </nfs>
          <nfs>
            <serie>NFSE</serie>
            <numDocto>26147</numDocto>
            <dtEmissaoNF>2022-08-03</dtEmissaoNF>
            <vlrBruto>1000019,91</vlrBruto>
            <infoTpServ>
              <tpServico>100000001</tpServico>
              <vlrBaseRet>800015,92</vlrBaseRet>
              <vlrRetencao>88001,75</vlrRetencao>
            </infoTpServ>
          </nfs>
          <nfs>
            <serie>NFSE</serie>
            <numDocto>26148</numDocto>
            <dtEmissaoNF>2022-08-03</dtEmissaoNF>
            <vlrBruto>1021491,16</vlrBruto>
            <infoTpServ>
              <tpServico>100000001</tpServico>
              <vlrBaseRet>817192,92</vlrBaseRet>
              <vlrRetencao>89891,22</vlrRetencao>
            </infoTpServ>
          </nfs>
          <nfs>
            <serie>NFSE</serie>
            <numDocto>26146</numDocto>
            <dtEmissaoNF>2022-08-03</dtEmissaoNF>
            <vlrBruto>3365883,85</vlrBruto>
            <infoTpServ>
              <tpServico>100000001</tpServico>
              <vlrBaseRet>2692707,10</vlrBaseRet>
              <vlrRetencao>296197,78</vlrRetencao>
            </infoTpServ>
          </nfs>
          <nfs>
            <serie>NFSE</serie>
            <numDocto>26136</numDocto>
            <dtEmissaoNF>2022-08-02</dtEmissaoNF>
            <vlrBruto>1394284,92</vlrBruto>
            <infoTpServ>
              <tpServico>100000001</tpServico>
              <vlrBaseRet>1115427,93</vlrBaseRet>
              <vlrRetencao>122697,07</vlrRetencao>
            </infoTpServ>
          </nfs>
          <nfs>
            <serie>NFSE</serie>
            <numDocto>26371</numDocto>
            <dtEmissaoNF>2022-08-12</dtEmissaoNF>
            <vlrBruto>222710,70</vlrBruto>
            <infoTpServ>
              <tpServico>100000001</tpServico>
              <vlrBaseRet>178168,56</vlrBaseRet>
              <vlrRetencao>19598,54</vlrRetencao>
            </infoTpServ>
          </nfs>
          <nfs>
            <serie>NFSE</serie>
            <numDocto>26160</numDocto>
            <dtEmissaoNF>2022-08-05</dtEmissaoNF>
            <vlrBruto>369348,41</vlrBruto>
            <infoTpServ>
              <tpServico>100000031</tpServico>
              <vlrBaseRet>129271,94</vlrBaseRet>
              <vlrRetencao>14219,91</vlrRetencao>
            </infoTpServ>
          </nfs>
          <nfs>
            <serie>NFSE</serie>
            <numDocto>26139</numDocto>
            <dtEmissaoNF>2022-08-02</dtEmissaoNF>
            <vlrBruto>429038,42</vlrBruto>
            <infoTpServ>
              <tpServico>100000001</tpServico>
              <vlrBaseRet>343230,73</vlrBaseRet>
              <vlrRetencao>37755,38</vlrRetencao>
            </infoTpServ>
          </nfs>
          <nfs>
            <serie>NFSE</serie>
            <numDocto>26374</numDocto>
            <dtEmissaoNF>2022-08-15</dtEmissaoNF>
            <vlrBruto>34191,95</vlrBruto>
            <infoTpServ>
              <tpServico>100000001</tpServico>
              <vlrBaseRet>11967,18</vlrBaseRet>
              <vlrRetencao>1316,38</vlrRetencao>
            </infoTpServ>
          </nfs>
          <nfs>
            <serie>NFSE</serie>
            <numDocto>26137</numDocto>
            <dtEmissaoNF>2022-08-02</dtEmissaoNF>
            <vlrBruto>420432,34</vlrBruto>
            <infoTpServ>
              <tpServico>100000001</tpServico>
              <vlrBaseRet>336345,91</vlrBaseRet>
              <vlrRetencao>36998,05</vlrRetencao>
            </infoTpServ>
          </nfs>
          <nfs>
            <serie>NFSE</serie>
            <numDocto>26394</numDocto>
            <dtEmissaoNF>2022-08-19</dtEmissaoNF>
            <vlrBruto>423762,86</vlrBruto>
            <infoTpServ>
              <tpServico>100000003</tpServico>
              <vlrBaseRet>148317,00</vlrBaseRet>
              <vlrRetencao>16314,87</vlrRetencao>
            </infoTpServ>
          </nfs>
        </idePrestServ>
      </ideEstabObra>
    </infoServTom>
  </evtServTom>
</Reinf>
