<?xml version="1.0" encoding="UTF-8"?>
<Reinf xmlns="http://www.reinf.esocial.gov.br/schemas/evtTomadorServicos/v1_05_01">
  <evtServTom id="ID1465889500000002022091208374315423">
    <ideEvento>
      <indRetif>1</indRetif>
      <perApur>2022-08</perApur>
      <tpAmb>1</tpAmb>
      <procEmi>1</procEmi>
      <verProc>2.0</verProc>
    </ideEvento>
    <ideContri>
      <tpInsc>1</tpInsc>
      <nrInsc>46588950</nrInsc>
    </ideContri>
    <infoServTom>
      <ideEstabObra>
        <tpInscEstab>1</tpInscEstab>
        <nrInscEstab>46588950000180</nrInscEstab>
        <indObra>0</indObra>
        <idePrestServ>
          <cnpjPrestador>34006815000108</cnpjPrestador>
          <vlrTotalBruto>193392,78</vlrTotalBruto>
          <vlrTotalBaseRet>174163,00</vlrTotalBaseRet>
          <vlrTotalRetPrinc>19157,93</vlrTotalRetPrinc>
          <indCPRB>0</indCPRB>
          <nfs>
            <serie>NFSE</serie>
            <numDocto>64</numDocto>
            <dtEmissaoNF>2022-08-08</dtEmissaoNF>
            <vlrBruto>193392,78</vlrBruto>
            <infoTpServ>
              <tpServico>100000031</tpServico>
              <vlrBaseRet>174163,00</vlrBaseRet>
              <vlrRetencao>19157,93</vlrRetencao>
            </infoTpServ>
          </nfs>
        </idePrestServ>
      </ideEstabObra>
    </infoServTom>
  </evtServTom>
</Reinf>
