<?xml version="1.0" encoding="UTF-8"?>
<Reinf xmlns="http://www.reinf.esocial.gov.br/schemas/evtTomadorServicos/v1_05_01">
  <evtServTom id="ID1465889500000002022091208374374709">
    <ideEvento>
      <indRetif>1</indRetif>
      <perApur>2022-08</perApur>
      <tpAmb>1</tpAmb>
      <procEmi>1</procEmi>
      <verProc>2.0</verProc>
    </ideEvento>
    <ideContri>
      <tpInsc>1</tpInsc>
      <nrInsc>46588950</nrInsc>
    </ideContri>
    <infoServTom>
      <ideEstabObra>
        <tpInscEstab>1</tpInscEstab>
        <nrInscEstab>46588950000180</nrInscEstab>
        <indObra>0</indObra>
        <idePrestServ>
          <cnpjPrestador>01312003000123</cnpjPrestador>
          <vlrTotalBruto>111654,10</vlrTotalBruto>
          <vlrTotalBaseRet>111654,11</vlrTotalBaseRet>
          <vlrTotalRetPrinc>12281,88</vlrTotalRetPrinc>
          <indCPRB>0</indCPRB>
          <nfs>
            <serie>NFSE</serie>
            <numDocto>18292</numDocto>
            <dtEmissaoNF>2022-08-15</dtEmissaoNF>
            <vlrBruto>135,41</vlrBruto>
            <infoTpServ>
              <tpServico>100000006</tpServico>
              <vlrBaseRet>135,41</vlrBaseRet>
              <vlrRetencao>14,89</vlrRetencao>
            </infoTpServ>
          </nfs>
          <nfs>
            <serie>NFSE</serie>
            <numDocto>18170</numDocto>
            <dtEmissaoNF>2022-08-10</dtEmissaoNF>
            <vlrBruto>167,56</vlrBruto>
            <infoTpServ>
              <tpServico>100000006</tpServico>
              <vlrBaseRet>167,56</vlrBaseRet>
              <vlrRetencao>18,43</vlrRetencao>
            </infoTpServ>
          </nfs>
          <nfs>
            <serie>NFSE</serie>
            <numDocto>18240</numDocto>
            <dtEmissaoNF>2022-08-12</dtEmissaoNF>
            <vlrBruto>5275,76</vlrBruto>
            <infoTpServ>
              <tpServico>100000006</tpServico>
              <vlrBaseRet>5275,76</vlrBaseRet>
              <vlrRetencao>580,33</vlrRetencao>
            </infoTpServ>
          </nfs>
          <nfs>
            <serie>NFSE</serie>
            <numDocto>18304</numDocto>
            <dtEmissaoNF>2022-08-15</dtEmissaoNF>
            <vlrBruto>20995,59</vlrBruto>
            <infoTpServ>
              <tpServico>100000006</tpServico>
              <vlrBaseRet>20995,59</vlrBaseRet>
              <vlrRetencao>2309,51</vlrRetencao>
            </infoTpServ>
          </nfs>
          <nfs>
            <serie>NFSE</serie>
            <numDocto>18235</numDocto>
            <dtEmissaoNF>2022-08-12</dtEmissaoNF>
            <vlrBruto>2057,83</vlrBruto>
            <infoTpServ>
              <tpServico>100000006</tpServico>
              <vlrBaseRet>2057,83</vlrBaseRet>
              <vlrRetencao>226,36</vlrRetencao>
            </infoTpServ>
          </nfs>
          <nfs>
            <serie>NFSE</serie>
            <numDocto>18230</numDocto>
            <dtEmissaoNF>2022-08-12</dtEmissaoNF>
            <vlrBruto>69485,98</vlrBruto>
            <infoTpServ>
              <tpServico>100000006</tpServico>
              <vlrBaseRet>69485,98</vlrBaseRet>
              <vlrRetencao>7643,45</vlrRetencao>
            </infoTpServ>
          </nfs>
          <nfs>
            <serie>NFSE</serie>
            <numDocto>18323</numDocto>
            <dtEmissaoNF>2022-08-16</dtEmissaoNF>
            <vlrBruto>619,25</vlrBruto>
            <infoTpServ>
              <tpServico>100000006</tpServico>
              <vlrBaseRet>619,25</vlrBaseRet>
              <vlrRetencao>68,11</vlrRetencao>
            </infoTpServ>
          </nfs>
          <nfs>
            <serie>NFSE</serie>
            <numDocto>18298</numDocto>
            <dtEmissaoNF>2022-08-15</dtEmissaoNF>
            <vlrBruto>3651,16</vlrBruto>
            <infoTpServ>
              <tpServico>100000006</tpServico>
              <vlrBaseRet>3651,16</vlrBaseRet>
              <vlrRetencao>401,62</vlrRetencao>
            </infoTpServ>
          </nfs>
          <nfs>
            <serie>NFSE</serie>
            <numDocto>18275</numDocto>
            <dtEmissaoNF>2022-08-15</dtEmissaoNF>
            <vlrBruto>434,85</vlrBruto>
            <infoTpServ>
              <tpServico>100000006</tpServico>
              <vlrBaseRet>434,85</vlrBaseRet>
              <vlrRetencao>47,83</vlrRetencao>
            </infoTpServ>
          </nfs>
          <nfs>
            <serie>NFSE</serie>
            <numDocto>18270</numDocto>
            <dtEmissaoNF>2022-08-15</dtEmissaoNF>
            <vlrBruto>121,22</vlrBruto>
            <infoTpServ>
              <tpServico>100000006</tpServico>
              <vlrBaseRet>121,22</vlrBaseRet>
              <vlrRetencao>13,33</vlrRetencao>
            </infoTpServ>
          </nfs>
          <nfs>
            <serie>NFSE</serie>
            <numDocto>18326</numDocto>
            <dtEmissaoNF>2022-08-16</dtEmissaoNF>
            <vlrBruto>116,66</vlrBruto>
            <infoTpServ>
              <tpServico>100000006</tpServico>
              <vlrBaseRet>116,66</vlrBaseRet>
              <vlrRetencao>12,83</vlrRetencao>
            </infoTpServ>
          </nfs>
          <nfs>
            <serie>NFSE</serie>
            <numDocto>18317</numDocto>
            <dtEmissaoNF>2022-08-15</dtEmissaoNF>
            <vlrBruto>256,11</vlrBruto>
            <infoTpServ>
              <tpServico>100000006</tpServico>
              <vlrBaseRet>256,11</vlrBaseRet>
              <vlrRetencao>28,17</vlrRetencao>
            </infoTpServ>
          </nfs>
          <nfs>
            <serie>NFSE</serie>
            <numDocto>18253</numDocto>
            <dtEmissaoNF>2022-08-15</dtEmissaoNF>
            <vlrBruto>2428,08</vlrBruto>
            <infoTpServ>
              <tpServico>100000006</tpServico>
              <vlrBaseRet>2428,08</vlrBaseRet>
              <vlrRetencao>267,09</vlrRetencao>
            </infoTpServ>
          </nfs>
          <nfs>
            <serie>NFSE</serie>
            <numDocto>18191</numDocto>
            <dtEmissaoNF>2022-08-11</dtEmissaoNF>
            <vlrBruto>254,56</vlrBruto>
            <infoTpServ>
              <tpServico>100000006</tpServico>
              <vlrBaseRet>254,56</vlrBaseRet>
              <vlrRetencao>28,00</vlrRetencao>
            </infoTpServ>
          </nfs>
          <nfs>
            <serie>NFSE</serie>
            <numDocto>18223</numDocto>
            <dtEmissaoNF>2022-08-12</dtEmissaoNF>
            <vlrBruto>1117,61</vlrBruto>
            <infoTpServ>
              <tpServico>100000006</tpServico>
              <vlrBaseRet>1117,61</vlrBaseRet>
              <vlrRetencao>122,93</vlrRetencao>
            </infoTpServ>
          </nfs>
          <nfs>
            <serie>NFSE</serie>
            <numDocto>18288</numDocto>
            <dtEmissaoNF>2022-08-15</dtEmissaoNF>
            <vlrBruto>112,02</vlrBruto>
            <infoTpServ>
              <tpServico>100000006</tpServico>
              <vlrBaseRet>112,02</vlrBaseRet>
              <vlrRetencao>12,32</vlrRetencao>
            </infoTpServ>
          </nfs>
          <nfs>
            <serie>NFSE</serie>
            <numDocto>18179</numDocto>
            <dtEmissaoNF>2022-08-10</dtEmissaoNF>
            <vlrBruto>2171,54</vlrBruto>
            <infoTpServ>
              <tpServico>100000006</tpServico>
              <vlrBaseRet>2171,55</vlrBaseRet>
              <vlrRetencao>238,87</vlrRetencao>
            </infoTpServ>
          </nfs>
          <nfs>
            <serie>NFSE</serie>
            <numDocto>18200</numDocto>
            <dtEmissaoNF>2022-08-11</dtEmissaoNF>
            <vlrBruto>290,92</vlrBruto>
            <infoTpServ>
              <tpServico>100000006</tpServico>
              <vlrBaseRet>290,92</vlrBaseRet>
              <vlrRetencao>32,00</vlrRetencao>
            </infoTpServ>
          </nfs>
          <nfs>
            <serie>NFSE</serie>
            <numDocto>18196</numDocto>
            <dtEmissaoNF>2022-08-11</dtEmissaoNF>
            <vlrBruto>159,19</vlrBruto>
            <infoTpServ>
              <tpServico>100000006</tpServico>
              <vlrBaseRet>159,19</vlrBaseRet>
              <vlrRetencao>17,51</vlrRetencao>
            </infoTpServ>
          </nfs>
          <nfs>
            <serie>NFSE</serie>
            <numDocto>18286</numDocto>
            <dtEmissaoNF>2022-08-15</dtEmissaoNF>
            <vlrBruto>1694,31</vlrBruto>
            <infoTpServ>
              <tpServico>100000006</tpServico>
              <vlrBaseRet>1694,31</vlrBaseRet>
              <vlrRetencao>186,37</vlrRetencao>
            </infoTpServ>
          </nfs>
          <nfs>
            <serie>NFSE</serie>
            <numDocto>18165</numDocto>
            <dtEmissaoNF>2022-08-10</dtEmissaoNF>
            <vlrBruto>108,49</vlrBruto>
            <infoTpServ>
              <tpServico>100000006</tpServico>
              <vlrBaseRet>108,49</vlrBaseRet>
              <vlrRetencao>11,93</vlrRetencao>
            </infoTpServ>
          </nfs>
        </idePrestServ>
      </ideEstabObra>
    </infoServTom>
  </evtServTom>
</Reinf>
