<?xml version="1.0" encoding="UTF-8"?>
<Reinf xmlns="http://www.reinf.esocial.gov.br/schemas/evtTomadorServicos/v1_05_01">
  <evtServTom id="ID1465889500000002022091208374356934">
    <ideEvento>
      <indRetif>1</indRetif>
      <perApur>2022-08</perApur>
      <tpAmb>1</tpAmb>
      <procEmi>1</procEmi>
      <verProc>2.0</verProc>
    </ideEvento>
    <ideContri>
      <tpInsc>1</tpInsc>
      <nrInsc>46588950</nrInsc>
    </ideContri>
    <infoServTom>
      <ideEstabObra>
        <tpInscEstab>1</tpInscEstab>
        <nrInscEstab>46588950000180</nrInscEstab>
        <indObra>0</indObra>
        <idePrestServ>
          <cnpjPrestador>45107612000116</cnpjPrestador>
          <vlrTotalBruto>1173200,51</vlrTotalBruto>
          <vlrTotalBaseRet>1173200,59</vlrTotalBaseRet>
          <vlrTotalRetPrinc>129052,02</vlrTotalRetPrinc>
          <indCPRB>0</indCPRB>
          <nfs>
            <serie>NFSE</serie>
            <numDocto>1355</numDocto>
            <dtEmissaoNF>2022-08-31</dtEmissaoNF>
            <vlrBruto>41991,68</vlrBruto>
            <infoTpServ>
              <tpServico>100000001</tpServico>
              <vlrBaseRet>41991,68</vlrBaseRet>
              <vlrRetencao>4619,08</vlrRetencao>
            </infoTpServ>
          </nfs>
          <nfs>
            <serie>NFSE</serie>
            <numDocto>1346</numDocto>
            <dtEmissaoNF>2022-08-01</dtEmissaoNF>
            <vlrBruto>15048,42</vlrBruto>
            <infoTpServ>
              <tpServico>100000001</tpServico>
              <vlrBaseRet>15048,46</vlrBaseRet>
              <vlrRetencao>1655,33</vlrRetencao>
            </infoTpServ>
          </nfs>
          <nfs>
            <serie>NFSE</serie>
            <numDocto>1351</numDocto>
            <dtEmissaoNF>2022-08-17</dtEmissaoNF>
            <vlrBruto>13029,31</vlrBruto>
            <infoTpServ>
              <tpServico>100000001</tpServico>
              <vlrBaseRet>13029,31</vlrBaseRet>
              <vlrRetencao>1433,22</vlrRetencao>
            </infoTpServ>
          </nfs>
          <nfs>
            <serie>NFSE</serie>
            <numDocto>1343</numDocto>
            <dtEmissaoNF>2022-08-01</dtEmissaoNF>
            <vlrBruto>80615,85</vlrBruto>
            <infoTpServ>
              <tpServico>100000001</tpServico>
              <vlrBaseRet>80615,85</vlrBaseRet>
              <vlrRetencao>8867,74</vlrRetencao>
            </infoTpServ>
          </nfs>
          <nfs>
            <serie>NFSE</serie>
            <numDocto>1345</numDocto>
            <dtEmissaoNF>2022-08-01</dtEmissaoNF>
            <vlrBruto>36471,42</vlrBruto>
            <infoTpServ>
              <tpServico>100000001</tpServico>
              <vlrBaseRet>36471,46</vlrBaseRet>
              <vlrRetencao>4011,86</vlrRetencao>
            </infoTpServ>
          </nfs>
          <nfs>
            <serie>NFSE</serie>
            <numDocto>1353</numDocto>
            <dtEmissaoNF>2022-08-22</dtEmissaoNF>
            <vlrBruto>653415,04</vlrBruto>
            <infoTpServ>
              <tpServico>100000001</tpServico>
              <vlrBaseRet>653415,04</vlrBaseRet>
              <vlrRetencao>71875,65</vlrRetencao>
            </infoTpServ>
          </nfs>
          <nfs>
            <serie>NFSE</serie>
            <numDocto>1347</numDocto>
            <dtEmissaoNF>2022-08-01</dtEmissaoNF>
            <vlrBruto>23814,84</vlrBruto>
            <infoTpServ>
              <tpServico>100000001</tpServico>
              <vlrBaseRet>23814,84</vlrBaseRet>
              <vlrRetencao>2619,63</vlrRetencao>
            </infoTpServ>
          </nfs>
          <nfs>
            <serie>NFSE</serie>
            <numDocto>1348</numDocto>
            <dtEmissaoNF>2022-08-02</dtEmissaoNF>
            <vlrBruto>90297,59</vlrBruto>
            <infoTpServ>
              <tpServico>100000001</tpServico>
              <vlrBaseRet>90297,59</vlrBaseRet>
              <vlrRetencao>9932,73</vlrRetencao>
            </infoTpServ>
          </nfs>
          <nfs>
            <serie>NFSE</serie>
            <numDocto>1349</numDocto>
            <dtEmissaoNF>2022-08-12</dtEmissaoNF>
            <vlrBruto>1764,00</vlrBruto>
            <infoTpServ>
              <tpServico>100000001</tpServico>
              <vlrBaseRet>1764,00</vlrBaseRet>
              <vlrRetencao>194,04</vlrRetencao>
            </infoTpServ>
          </nfs>
          <nfs>
            <serie>NFSE</serie>
            <numDocto>1352</numDocto>
            <dtEmissaoNF>2022-08-17</dtEmissaoNF>
            <vlrBruto>46071,35</vlrBruto>
            <infoTpServ>
              <tpServico>100000001</tpServico>
              <vlrBaseRet>46071,35</vlrBaseRet>
              <vlrRetencao>5067,84</vlrRetencao>
            </infoTpServ>
          </nfs>
          <nfs>
            <serie>NFSE</serie>
            <numDocto>1354</numDocto>
            <dtEmissaoNF>2022-08-23</dtEmissaoNF>
            <vlrBruto>6992,52</vlrBruto>
            <infoTpServ>
              <tpServico>100000001</tpServico>
              <vlrBaseRet>6992,52</vlrBaseRet>
              <vlrRetencao>769,17</vlrRetencao>
            </infoTpServ>
          </nfs>
          <nfs>
            <serie>NFSE</serie>
            <numDocto>1344</numDocto>
            <dtEmissaoNF>2022-08-01</dtEmissaoNF>
            <vlrBruto>163688,49</vlrBruto>
            <infoTpServ>
              <tpServico>100000001</tpServico>
              <vlrBaseRet>163688,49</vlrBaseRet>
              <vlrRetencao>18005,73</vlrRetencao>
            </infoTpServ>
          </nfs>
        </idePrestServ>
      </ideEstabObra>
    </infoServTom>
  </evtServTom>
</Reinf>
