<?xml version="1.0" encoding="UTF-8"?>
<Reinf xmlns="http://www.reinf.esocial.gov.br/schemas/evtTomadorServicos/v1_05_01">
  <evtServTom id="ID1465889500000002022091208374395408">
    <ideEvento>
      <indRetif>1</indRetif>
      <perApur>2022-08</perApur>
      <tpAmb>1</tpAmb>
      <procEmi>1</procEmi>
      <verProc>2.0</verProc>
    </ideEvento>
    <ideContri>
      <tpInsc>1</tpInsc>
      <nrInsc>46588950</nrInsc>
    </ideContri>
    <infoServTom>
      <ideEstabObra>
        <tpInscEstab>1</tpInscEstab>
        <nrInscEstab>46588950000180</nrInscEstab>
        <indObra>0</indObra>
        <idePrestServ>
          <cnpjPrestador>02190877000118</cnpjPrestador>
          <vlrTotalBruto>560320,24</vlrTotalBruto>
          <vlrTotalBaseRet>560320,24</vlrTotalBaseRet>
          <vlrTotalRetPrinc>61635,22</vlrTotalRetPrinc>
          <indCPRB>0</indCPRB>
          <nfs>
            <serie>NFSE</serie>
            <numDocto>5306</numDocto>
            <dtEmissaoNF>2022-08-01</dtEmissaoNF>
            <vlrBruto>7769,47</vlrBruto>
            <infoTpServ>
              <tpServico>100000031</tpServico>
              <vlrBaseRet>7769,47</vlrBaseRet>
              <vlrRetencao>854,64</vlrRetencao>
            </infoTpServ>
          </nfs>
          <nfs>
            <serie>NFSE</serie>
            <numDocto>5364</numDocto>
            <dtEmissaoNF>2022-08-16</dtEmissaoNF>
            <vlrBruto>552550,77</vlrBruto>
            <infoTpServ>
              <tpServico>100000001</tpServico>
              <vlrBaseRet>552550,77</vlrBaseRet>
              <vlrRetencao>60780,58</vlrRetencao>
            </infoTpServ>
          </nfs>
        </idePrestServ>
      </ideEstabObra>
    </infoServTom>
  </evtServTom>
</Reinf>