<?xml version="1.0" encoding="UTF-8"?>
<Reinf xmlns="http://www.reinf.esocial.gov.br/schemas/evtTomadorServicos/v1_05_01">
  <evtServTom id="ID1465889500000002022091208374375117">
    <ideEvento>
      <indRetif>1</indRetif>
      <perApur>2022-08</perApur>
      <tpAmb>1</tpAmb>
      <procEmi>1</procEmi>
      <verProc>2.0</verProc>
    </ideEvento>
    <ideContri>
      <tpInsc>1</tpInsc>
      <nrInsc>46588950</nrInsc>
    </ideContri>
    <infoServTom>
      <ideEstabObra>
        <tpInscEstab>1</tpInscEstab>
        <nrInscEstab>46588950000180</nrInscEstab>
        <indObra>0</indObra>
        <idePrestServ>
          <cnpjPrestador>04043043000105</cnpjPrestador>
          <vlrTotalBruto>1622903,65</vlrTotalBruto>
          <vlrTotalBaseRet>1331718,16</vlrTotalBaseRet>
          <vlrTotalRetPrinc>146488,99</vlrTotalRetPrinc>
          <indCPRB>0</indCPRB>
          <nfs>
            <serie>NFSE</serie>
            <numDocto>3722</numDocto>
            <dtEmissaoNF>2022-08-01</dtEmissaoNF>
            <vlrBruto>340454,02</vlrBruto>
            <infoTpServ>
              <tpServico>100000031</tpServico>
              <vlrBaseRet>265726,64</vlrBaseRet>
              <vlrRetencao>29229,93</vlrRetencao>
            </infoTpServ>
          </nfs>
          <nfs>
            <serie>NFSE</serie>
            <numDocto>3730</numDocto>
            <dtEmissaoNF>2022-08-03</dtEmissaoNF>
            <vlrBruto>107125,05</vlrBruto>
            <infoTpServ>
              <tpServico>100000031</tpServico>
              <vlrBaseRet>87865,96</vlrBaseRet>
              <vlrRetencao>9665,25</vlrRetencao>
            </infoTpServ>
          </nfs>
          <nfs>
            <serie>NFSE</serie>
            <numDocto>3723</numDocto>
            <dtEmissaoNF>2022-08-01</dtEmissaoNF>
            <vlrBruto>1125373,79</vlrBruto>
            <infoTpServ>
              <tpServico>100000031</tpServico>
              <vlrBaseRet>935785,10</vlrBaseRet>
              <vlrRetencao>102936,36</vlrRetencao>
            </infoTpServ>
          </nfs>
          <nfs>
            <serie>NFSE</serie>
            <numDocto>3729</numDocto>
            <dtEmissaoNF>2022-08-03</dtEmissaoNF>
            <vlrBruto>49950,79</vlrBruto>
            <infoTpServ>
              <tpServico>100000031</tpServico>
              <vlrBaseRet>42340,46</vlrBaseRet>
              <vlrRetencao>4657,45</vlrRetencao>
            </infoTpServ>
          </nfs>
        </idePrestServ>
      </ideEstabObra>
    </infoServTom>
  </evtServTom>
</Reinf>
