<?xml version="1.0" encoding="UTF-8"?>
<Reinf xmlns="http://www.reinf.esocial.gov.br/schemas/evtTomadorServicos/v1_05_01">
  <evtServTom id="ID1465889500000002022091208374332623">
    <ideEvento>
      <indRetif>1</indRetif>
      <perApur>2022-08</perApur>
      <tpAmb>1</tpAmb>
      <procEmi>1</procEmi>
      <verProc>2.0</verProc>
    </ideEvento>
    <ideContri>
      <tpInsc>1</tpInsc>
      <nrInsc>46588950</nrInsc>
    </ideContri>
    <infoServTom>
      <ideEstabObra>
        <tpInscEstab>1</tpInscEstab>
        <nrInscEstab>46588950000180</nrInscEstab>
        <indObra>0</indObra>
        <idePrestServ>
          <cnpjPrestador>12745239000170</cnpjPrestador>
          <vlrTotalBruto>12846,34</vlrTotalBruto>
          <vlrTotalBaseRet>12846,34</vlrTotalBaseRet>
          <vlrTotalRetPrinc>449,62</vlrTotalRetPrinc>
          <indCPRB>1</indCPRB>
          <nfs>
            <serie>NFSE</serie>
            <numDocto>370</numDocto>
            <dtEmissaoNF>2022-08-29</dtEmissaoNF>
            <vlrBruto>12846,34</vlrBruto>
            <infoTpServ>
              <tpServico>100000003</tpServico>
              <vlrBaseRet>12846,34</vlrBaseRet>
              <vlrRetencao>449,62</vlrRetencao>
            </infoTpServ>
          </nfs>
        </idePrestServ>
      </ideEstabObra>
    </infoServTom>
  </evtServTom>
</Reinf>