<?xml version="1.0" encoding="UTF-8"?>
<Reinf xmlns="http://www.reinf.esocial.gov.br/schemas/evtTomadorServicos/v1_05_01">
  <evtServTom id="ID1465889500000002022091208374385021">
    <ideEvento>
      <indRetif>1</indRetif>
      <perApur>2022-08</perApur>
      <tpAmb>1</tpAmb>
      <procEmi>1</procEmi>
      <verProc>2.0</verProc>
    </ideEvento>
    <ideContri>
      <tpInsc>1</tpInsc>
      <nrInsc>46588950</nrInsc>
    </ideContri>
    <infoServTom>
      <ideEstabObra>
        <tpInscEstab>1</tpInscEstab>
        <nrInscEstab>46588950000180</nrInscEstab>
        <indObra>0</indObra>
        <idePrestServ>
          <cnpjPrestador>11182479000140</cnpjPrestador>
          <vlrTotalBruto>601418,05</vlrTotalBruto>
          <vlrTotalBaseRet>601418,19</vlrTotalBaseRet>
          <vlrTotalRetPrinc>66155,95</vlrTotalRetPrinc>
          <indCPRB>0</indCPRB>
          <nfs>
            <serie>NFSE</serie>
            <numDocto>385</numDocto>
            <dtEmissaoNF>2022-08-10</dtEmissaoNF>
            <vlrBruto>2842,44</vlrBruto>
            <infoTpServ>
              <tpServico>100000031</tpServico>
              <vlrBaseRet>2842,44</vlrBaseRet>
              <vlrRetencao>312,66</vlrRetencao>
            </infoTpServ>
          </nfs>
          <nfs>
            <serie>NFSE</serie>
            <numDocto>387</numDocto>
            <dtEmissaoNF>2022-08-16</dtEmissaoNF>
            <vlrBruto>93345,54</vlrBruto>
            <infoTpServ>
              <tpServico>100000031</tpServico>
              <vlrBaseRet>93345,54</vlrBaseRet>
              <vlrRetencao>10268,00</vlrRetencao>
            </infoTpServ>
          </nfs>
          <nfs>
            <serie>NFSE</serie>
            <numDocto>382</numDocto>
            <dtEmissaoNF>2022-08-02</dtEmissaoNF>
            <vlrBruto>36695,52</vlrBruto>
            <infoTpServ>
              <tpServico>100000022</tpServico>
              <vlrBaseRet>36695,55</vlrBaseRet>
              <vlrRetencao>4036,51</vlrRetencao>
            </infoTpServ>
          </nfs>
          <nfs>
            <serie>NFSE</serie>
            <numDocto>383</numDocto>
            <dtEmissaoNF>2022-08-02</dtEmissaoNF>
            <vlrBruto>104247,01</vlrBruto>
            <infoTpServ>
              <tpServico>100000031</tpServico>
              <vlrBaseRet>104247,01</vlrBaseRet>
              <vlrRetencao>11467,17</vlrRetencao>
            </infoTpServ>
          </nfs>
          <nfs>
            <serie>NFSE</serie>
            <numDocto>377</numDocto>
            <dtEmissaoNF>2022-08-02</dtEmissaoNF>
            <vlrBruto>62530,68</vlrBruto>
            <infoTpServ>
              <tpServico>100000031</tpServico>
              <vlrBaseRet>62530,68</vlrBaseRet>
              <vlrRetencao>6878,37</vlrRetencao>
            </infoTpServ>
          </nfs>
          <nfs>
            <serie>NFSE</serie>
            <numDocto>380</numDocto>
            <dtEmissaoNF>2022-08-02</dtEmissaoNF>
            <vlrBruto>5636,14</vlrBruto>
            <infoTpServ>
              <tpServico>100000030</tpServico>
              <vlrBaseRet>5636,19</vlrBaseRet>
              <vlrRetencao>619,98</vlrRetencao>
            </infoTpServ>
          </nfs>
          <nfs>
            <serie>NFSE</serie>
            <numDocto>389</numDocto>
            <dtEmissaoNF>2022-08-16</dtEmissaoNF>
            <vlrBruto>21813,42</vlrBruto>
            <infoTpServ>
              <tpServico>100000031</tpServico>
              <vlrBaseRet>21813,42</vlrBaseRet>
              <vlrRetencao>2399,47</vlrRetencao>
            </infoTpServ>
          </nfs>
          <nfs>
            <serie>NFSE</serie>
            <numDocto>390</numDocto>
            <dtEmissaoNF>2022-08-16</dtEmissaoNF>
            <vlrBruto>16049,92</vlrBruto>
            <infoTpServ>
              <tpServico>100000031</tpServico>
              <vlrBaseRet>16049,92</vlrBaseRet>
              <vlrRetencao>1765,49</vlrRetencao>
            </infoTpServ>
          </nfs>
          <nfs>
            <serie>NFSE</serie>
            <numDocto>379</numDocto>
            <dtEmissaoNF>2022-08-02</dtEmissaoNF>
            <vlrBruto>20372,55</vlrBruto>
            <infoTpServ>
              <tpServico>100000031</tpServico>
              <vlrBaseRet>20372,55</vlrBaseRet>
              <vlrRetencao>2240,98</vlrRetencao>
            </infoTpServ>
          </nfs>
          <nfs>
            <serie>NFSE</serie>
            <numDocto>386</numDocto>
            <dtEmissaoNF>2022-08-10</dtEmissaoNF>
            <vlrBruto>39713,22</vlrBruto>
            <infoTpServ>
              <tpServico>100000031</tpServico>
              <vlrBaseRet>39713,22</vlrBaseRet>
              <vlrRetencao>4368,45</vlrRetencao>
            </infoTpServ>
          </nfs>
          <nfs>
            <serie>NFSE</serie>
            <numDocto>378</numDocto>
            <dtEmissaoNF>2022-08-02</dtEmissaoNF>
            <vlrBruto>6586,26</vlrBruto>
            <infoTpServ>
              <tpServico>100000025</tpServico>
              <vlrBaseRet>6586,28</vlrBaseRet>
              <vlrRetencao>724,49</vlrRetencao>
            </infoTpServ>
          </nfs>
          <nfs>
            <serie>NFSE</serie>
            <numDocto>381</numDocto>
            <dtEmissaoNF>2022-08-02</dtEmissaoNF>
            <vlrBruto>45499,87</vlrBruto>
            <infoTpServ>
              <tpServico>100000031</tpServico>
              <vlrBaseRet>45499,91</vlrBaseRet>
              <vlrRetencao>5004,99</vlrRetencao>
            </infoTpServ>
          </nfs>
          <nfs>
            <serie>NFSE</serie>
            <numDocto>391</numDocto>
            <dtEmissaoNF>2022-08-17</dtEmissaoNF>
            <vlrBruto>61840,90</vlrBruto>
            <infoTpServ>
              <tpServico>100000031</tpServico>
              <vlrBaseRet>61840,90</vlrBaseRet>
              <vlrRetencao>6802,49</vlrRetencao>
            </infoTpServ>
          </nfs>
          <nfs>
            <serie>NFSE</serie>
            <numDocto>388</numDocto>
            <dtEmissaoNF>2022-08-16</dtEmissaoNF>
            <vlrBruto>84244,58</vlrBruto>
            <infoTpServ>
              <tpServico>100000031</tpServico>
              <vlrBaseRet>84244,58</vlrBaseRet>
              <vlrRetencao>9266,90</vlrRetencao>
            </infoTpServ>
          </nfs>
        </idePrestServ>
      </ideEstabObra>
    </infoServTom>
  </evtServTom>
</Reinf>
