<?xml version="1.0" encoding="UTF-8"?>
<Reinf xmlns="http://www.reinf.esocial.gov.br/schemas/evtTomadorServicos/v1_05_01">
  <evtServTom id="ID1465889500000002022091208374359212">
    <ideEvento>
      <indRetif>1</indRetif>
      <perApur>2022-08</perApur>
      <tpAmb>1</tpAmb>
      <procEmi>1</procEmi>
      <verProc>2.0</verProc>
    </ideEvento>
    <ideContri>
      <tpInsc>1</tpInsc>
      <nrInsc>46588950</nrInsc>
    </ideContri>
    <infoServTom>
      <ideEstabObra>
        <tpInscEstab>1</tpInscEstab>
        <nrInscEstab>46588950000180</nrInscEstab>
        <indObra>0</indObra>
        <idePrestServ>
          <cnpjPrestador>21904192000130</cnpjPrestador>
          <vlrTotalBruto>24989,68</vlrTotalBruto>
          <vlrTotalBaseRet>21777,91</vlrTotalBaseRet>
          <vlrTotalRetPrinc>2395,57</vlrTotalRetPrinc>
          <indCPRB>0</indCPRB>
          <nfs>
            <serie>NFSE</serie>
            <numDocto>846</numDocto>
            <dtEmissaoNF>2022-08-16</dtEmissaoNF>
            <vlrBruto>24989,68</vlrBruto>
            <infoTpServ>
              <tpServico>100000025</tpServico>
              <vlrBaseRet>21777,91</vlrBaseRet>
              <vlrRetencao>2395,57</vlrRetencao>
            </infoTpServ>
          </nfs>
        </idePrestServ>
      </ideEstabObra>
    </infoServTom>
  </evtServTom>
</Reinf>
