<?xml version="1.0" encoding="UTF-8"?>
<Reinf xmlns="http://www.reinf.esocial.gov.br/schemas/evtTomadorServicos/v1_05_01">
  <evtServTom id="ID1465889500000002022091208374320495">
    <ideEvento>
      <indRetif>1</indRetif>
      <perApur>2022-08</perApur>
      <tpAmb>1</tpAmb>
      <procEmi>1</procEmi>
      <verProc>2.0</verProc>
    </ideEvento>
    <ideContri>
      <tpInsc>1</tpInsc>
      <nrInsc>46588950</nrInsc>
    </ideContri>
    <infoServTom>
      <ideEstabObra>
        <tpInscEstab>1</tpInscEstab>
        <nrInscEstab>46588950000180</nrInscEstab>
        <indObra>0</indObra>
        <idePrestServ>
          <cnpjPrestador>24980119000136</cnpjPrestador>
          <vlrTotalBruto>43316,66</vlrTotalBruto>
          <vlrTotalBaseRet>36980,25</vlrTotalBaseRet>
          <vlrTotalRetPrinc>4067,82</vlrTotalRetPrinc>
          <indCPRB>0</indCPRB>
          <nfs>
            <serie>NFSE</serie>
            <numDocto>474</numDocto>
            <dtEmissaoNF>2022-08-09</dtEmissaoNF>
            <vlrBruto>43316,66</vlrBruto>
            <infoTpServ>
              <tpServico>100000025</tpServico>
              <vlrBaseRet>36980,25</vlrBaseRet>
              <vlrRetencao>4067,82</vlrRetencao>
            </infoTpServ>
          </nfs>
        </idePrestServ>
      </ideEstabObra>
    </infoServTom>
  </evtServTom>
</Reinf>
