<?xml version="1.0" encoding="UTF-8"?>
<Reinf xmlns="http://www.reinf.esocial.gov.br/schemas/evtTomadorServicos/v1_05_01">
  <evtServTom id="ID1465889500000002022091208374309334">
    <ideEvento>
      <indRetif>1</indRetif>
      <perApur>2022-08</perApur>
      <tpAmb>1</tpAmb>
      <procEmi>1</procEmi>
      <verProc>2.0</verProc>
    </ideEvento>
    <ideContri>
      <tpInsc>1</tpInsc>
      <nrInsc>46588950</nrInsc>
    </ideContri>
    <infoServTom>
      <ideEstabObra>
        <tpInscEstab>1</tpInscEstab>
        <nrInscEstab>46588950000180</nrInscEstab>
        <indObra>0</indObra>
        <idePrestServ>
          <cnpjPrestador>11588973000100</cnpjPrestador>
          <vlrTotalBruto>5914,62</vlrTotalBruto>
          <vlrTotalBaseRet>5914,65</vlrTotalBaseRet>
          <vlrTotalRetPrinc>650,61</vlrTotalRetPrinc>
          <indCPRB>0</indCPRB>
          <nfs>
            <serie>NFSE</serie>
            <numDocto>1602</numDocto>
            <dtEmissaoNF>2022-08-03</dtEmissaoNF>
            <vlrBruto>1724,46</vlrBruto>
            <infoTpServ>
              <tpServico>100000001</tpServico>
              <vlrBaseRet>1724,46</vlrBaseRet>
              <vlrRetencao>189,69</vlrRetencao>
            </infoTpServ>
          </nfs>
          <nfs>
            <serie>NFSE</serie>
            <numDocto>1605</numDocto>
            <dtEmissaoNF>2022-08-15</dtEmissaoNF>
            <vlrBruto>4190,16</vlrBruto>
            <infoTpServ>
              <tpServico>100000001</tpServico>
              <vlrBaseRet>4190,19</vlrBaseRet>
              <vlrRetencao>460,92</vlrRetencao>
            </infoTpServ>
          </nfs>
        </idePrestServ>
      </ideEstabObra>
    </infoServTom>
  </evtServTom>
</Reinf>
