<?xml version="1.0" encoding="UTF-8"?>
<Reinf xmlns="http://www.reinf.esocial.gov.br/schemas/evtTomadorServicos/v1_05_01">
  <evtServTom id="ID1465889500000002022091208374313971">
    <ideEvento>
      <indRetif>1</indRetif>
      <perApur>2022-08</perApur>
      <tpAmb>1</tpAmb>
      <procEmi>1</procEmi>
      <verProc>2.0</verProc>
    </ideEvento>
    <ideContri>
      <tpInsc>1</tpInsc>
      <nrInsc>46588950</nrInsc>
    </ideContri>
    <infoServTom>
      <ideEstabObra>
        <tpInscEstab>1</tpInscEstab>
        <nrInscEstab>46588950000180</nrInscEstab>
        <indObra>0</indObra>
        <idePrestServ>
          <cnpjPrestador>09469092000128</cnpjPrestador>
          <vlrTotalBruto>96268,59</vlrTotalBruto>
          <vlrTotalBaseRet>96268,59</vlrTotalBaseRet>
          <vlrTotalRetPrinc>10589,54</vlrTotalRetPrinc>
          <indCPRB>0</indCPRB>
          <nfs>
            <serie>NFSE</serie>
            <numDocto>1327</numDocto>
            <dtEmissaoNF>2022-08-31</dtEmissaoNF>
            <vlrBruto>96268,59</vlrBruto>
            <infoTpServ>
              <tpServico>100000001</tpServico>
              <vlrBaseRet>96268,59</vlrBaseRet>
              <vlrRetencao>10589,54</vlrRetencao>
            </infoTpServ>
          </nfs>
        </idePrestServ>
      </ideEstabObra>
    </infoServTom>
  </evtServTom>
</Reinf>
