<?xml version="1.0" encoding="UTF-8"?>
<Reinf xmlns="http://www.reinf.esocial.gov.br/schemas/evtTomadorServicos/v1_05_01">
  <evtServTom id="ID1465889500000002022091208374372018">
    <ideEvento>
      <indRetif>1</indRetif>
      <perApur>2022-08</perApur>
      <tpAmb>1</tpAmb>
      <procEmi>1</procEmi>
      <verProc>2.0</verProc>
    </ideEvento>
    <ideContri>
      <tpInsc>1</tpInsc>
      <nrInsc>46588950</nrInsc>
    </ideContri>
    <infoServTom>
      <ideEstabObra>
        <tpInscEstab>1</tpInscEstab>
        <nrInscEstab>46588950000180</nrInscEstab>
        <indObra>0</indObra>
        <idePrestServ>
          <cnpjPrestador>30546399000171</cnpjPrestador>
          <vlrTotalBruto>85999,76</vlrTotalBruto>
          <vlrTotalBaseRet>85999,76</vlrTotalBaseRet>
          <vlrTotalRetPrinc>9459,97</vlrTotalRetPrinc>
          <indCPRB>0</indCPRB>
          <nfs>
            <serie>NFSE</serie>
            <numDocto>425</numDocto>
            <dtEmissaoNF>2022-08-01</dtEmissaoNF>
            <vlrBruto>33999,76</vlrBruto>
            <infoTpServ>
              <tpServico>100000002</tpServico>
              <vlrBaseRet>33999,76</vlrBaseRet>
              <vlrRetencao>3739,97</vlrRetencao>
            </infoTpServ>
          </nfs>
          <nfs>
            <serie>NFSE</serie>
            <numDocto>426</numDocto>
            <dtEmissaoNF>2022-08-01</dtEmissaoNF>
            <vlrBruto>52000,00</vlrBruto>
            <infoTpServ>
              <tpServico>100000002</tpServico>
              <vlrBaseRet>52000,00</vlrBaseRet>
              <vlrRetencao>5720,00</vlrRetencao>
            </infoTpServ>
          </nfs>
        </idePrestServ>
      </ideEstabObra>
    </infoServTom>
  </evtServTom>
</Reinf>
