<?xml version="1.0" encoding="UTF-8"?>
<Reinf xmlns="http://www.reinf.esocial.gov.br/schemas/evtTomadorServicos/v1_05_01">
  <evtServTom id="ID1465889500000002022091208374387680">
    <ideEvento>
      <indRetif>1</indRetif>
      <perApur>2022-08</perApur>
      <tpAmb>1</tpAmb>
      <procEmi>1</procEmi>
      <verProc>2.0</verProc>
    </ideEvento>
    <ideContri>
      <tpInsc>1</tpInsc>
      <nrInsc>46588950</nrInsc>
    </ideContri>
    <infoServTom>
      <ideEstabObra>
        <tpInscEstab>1</tpInscEstab>
        <nrInscEstab>46588950000180</nrInscEstab>
        <indObra>0</indObra>
        <idePrestServ>
          <cnpjPrestador>52501178000110</cnpjPrestador>
          <vlrTotalBruto>17500,00</vlrTotalBruto>
          <vlrTotalBaseRet>17500,00</vlrTotalBaseRet>
          <vlrTotalRetPrinc>1925,00</vlrTotalRetPrinc>
          <indCPRB>0</indCPRB>
          <nfs>
            <serie>NFSE</serie>
            <numDocto>969</numDocto>
            <dtEmissaoNF>2022-08-03</dtEmissaoNF>
            <vlrBruto>17500,00</vlrBruto>
            <infoTpServ>
              <tpServico>100000001</tpServico>
              <vlrBaseRet>17500,00</vlrBaseRet>
              <vlrRetencao>1925,00</vlrRetencao>
            </infoTpServ>
          </nfs>
        </idePrestServ>
      </ideEstabObra>
    </infoServTom>
  </evtServTom>
</Reinf>
