<?xml version="1.0" encoding="UTF-8"?>
<Reinf xmlns="http://www.reinf.esocial.gov.br/schemas/evtTomadorServicos/v1_05_01">
  <evtServTom id="ID1465889500000002022091208374303341">
    <ideEvento>
      <indRetif>1</indRetif>
      <perApur>2022-08</perApur>
      <tpAmb>1</tpAmb>
      <procEmi>1</procEmi>
      <verProc>2.0</verProc>
    </ideEvento>
    <ideContri>
      <tpInsc>1</tpInsc>
      <nrInsc>46588950</nrInsc>
    </ideContri>
    <infoServTom>
      <ideEstabObra>
        <tpInscEstab>1</tpInscEstab>
        <nrInscEstab>46588950000180</nrInscEstab>
        <indObra>0</indObra>
        <idePrestServ>
          <cnpjPrestador>21802980000116</cnpjPrestador>
          <vlrTotalBruto>31308,89</vlrTotalBruto>
          <vlrTotalBaseRet>15654,46</vlrTotalBaseRet>
          <vlrTotalRetPrinc>1721,99</vlrTotalRetPrinc>
          <indCPRB>0</indCPRB>
          <nfs>
            <serie>NFSE</serie>
            <numDocto>113</numDocto>
            <dtEmissaoNF>2022-08-01</dtEmissaoNF>
            <vlrBruto>31308,89</vlrBruto>
            <infoTpServ>
              <tpServico>100000003</tpServico>
              <vlrBaseRet>15654,46</vlrBaseRet>
              <vlrRetencao>1721,99</vlrRetencao>
            </infoTpServ>
          </nfs>
        </idePrestServ>
      </ideEstabObra>
    <ideEstabObra>
        <tpInscEstab>1</tpInscEstab>
        <nrInscEstab>46588950000180</nrInscEstab>
        <indObra>0</indObra>
        <idePrestServ>
          <cnpjPrestador>05969071000110</cnpjPrestador>
          <vlrTotalBruto>394595,77</vlrTotalBruto>
          <vlrTotalBaseRet>394595,77</vlrTotalBaseRet>
          <vlrTotalRetPrinc>43405,52</vlrTotalRetPrinc>
          <indCPRB>0</indCPRB>
          <nfs>
            <serie>NFSE</serie>
            <numDocto>70853</numDocto>
            <dtEmissaoNF>2022-08-10</dtEmissaoNF>
            <vlrBruto>194983,60</vlrBruto>
            <infoTpServ>
              <tpServico>100000031</tpServico>
              <vlrBaseRet>194983,60</vlrBaseRet>
              <vlrRetencao>21448,19</vlrRetencao>
            </infoTpServ>
          </nfs>
          <nfs>
            <serie>NFSE</serie>
            <numDocto>71126</numDocto>
            <dtEmissaoNF>2022-08-30</dtEmissaoNF>
            <vlrBruto>199612,17</vlrBruto>
            <infoTpServ>
              <tpServico>100000031</tpServico>
              <vlrBaseRet>199612,17</vlrBaseRet>
              <vlrRetencao>21957,33</vlrRetencao>
            </infoTpServ>
          </nfs>
        </idePrestServ>
      </ideEstabObra>
      <ideEstabObra>
        <tpInscEstab>1</tpInscEstab>
        <nrInscEstab>46588950000180</nrInscEstab>
        <indObra>0</indObra>
        <idePrestServ>
          <cnpjPrestador>57630659000149</cnpjPrestador>
          <vlrTotalBruto>37167,58</vlrTotalBruto>
          <vlrTotalBaseRet>37167,58</vlrTotalBaseRet>
          <vlrTotalRetPrinc>1300,86</vlrTotalRetPrinc>
          <indCPRB>1</indCPRB>
          <nfs>
            <serie>NFSE</serie>
            <numDocto>424</numDocto>
            <dtEmissaoNF>2022-08-23</dtEmissaoNF>
            <vlrBruto>13572,00</vlrBruto>
            <infoTpServ>
              <tpServico>100000001</tpServico>
              <vlrBaseRet>13572,00</vlrBaseRet>
              <vlrRetencao>475,02</vlrRetencao>
            </infoTpServ>
          </nfs>
          <nfs>
            <serie>NFSE</serie>
            <numDocto>421</numDocto>
            <dtEmissaoNF>2022-08-10</dtEmissaoNF>
            <vlrBruto>13455,00</vlrBruto>
            <infoTpServ>
              <tpServico>100000001</tpServico>
              <vlrBaseRet>13455,00</vlrBaseRet>
              <vlrRetencao>470,92</vlrRetencao>
            </infoTpServ>
          </nfs>
          <nfs>
            <serie>NFSE</serie>
            <numDocto>419</numDocto>
            <dtEmissaoNF>2022-08-04</dtEmissaoNF>
            <vlrBruto>10140,58</vlrBruto>
            <infoTpServ>
              <tpServico>100000001</tpServico>
              <vlrBaseRet>10140,58</vlrBaseRet>
              <vlrRetencao>354,92</vlrRetencao>
            </infoTpServ>
          </nfs>
        </idePrestServ>
      </ideEstabObra>
      <ideEstabObra>
        <tpInscEstab>1</tpInscEstab>
        <nrInscEstab>46588950000180</nrInscEstab>
        <indObra>0</indObra>
        <idePrestServ>
          <cnpjPrestador>10468394000160</cnpjPrestador>
          <vlrTotalBruto>731798,82</vlrTotalBruto>
          <vlrTotalBaseRet>731798,82</vlrTotalBaseRet>
          <vlrTotalRetPrinc>80497,87</vlrTotalRetPrinc>
          <indCPRB>0</indCPRB>
          <nfs>
            <serie>NFSE</serie>
            <numDocto>442</numDocto>
            <dtEmissaoNF>2022-08-03</dtEmissaoNF>
            <vlrBruto>731798,82</vlrBruto>
            <infoTpServ>
              <tpServico>100000031</tpServico>
              <vlrBaseRet>731798,82</vlrBaseRet>
              <vlrRetencao>80497,87</vlrRetencao>
            </infoTpServ>
          </nfs>
        </idePrestServ>
      </ideEstabObra>
      <ideEstabObra>
        <tpInscEstab>1</tpInscEstab>
        <nrInscEstab>46588950000180</nrInscEstab>
        <indObra>0</indObra>
        <idePrestServ>
          <cnpjPrestador>58834052000143</cnpjPrestador>
          <vlrTotalBruto>397982,99</vlrTotalBruto>
          <vlrTotalBaseRet>198991,49</vlrTotalBaseRet>
          <vlrTotalRetPrinc>21889,06</vlrTotalRetPrinc>
          <indCPRB>0</indCPRB>
          <nfs>
            <serie>NFSE</serie>
            <numDocto>2673</numDocto>
            <dtEmissaoNF>2022-08-11</dtEmissaoNF>
            <vlrBruto>397982,99</vlrBruto>
            <infoTpServ>
              <tpServico>100000003</tpServico>
              <vlrBaseRet>198991,49</vlrBaseRet>
              <vlrRetencao>21889,06</vlrRetencao>
            </infoTpServ>
          </nfs>
        </idePrestServ>
      </ideEstabObra>
      <ideEstabObra>
        <tpInscEstab>1</tpInscEstab>
        <nrInscEstab>46588950000180</nrInscEstab>
        <indObra>0</indObra>
        <idePrestServ>
          <cnpjPrestador>03662899000104</cnpjPrestador>
          <vlrTotalBruto>37999,94</vlrTotalBruto>
          <vlrTotalBaseRet>37999,94</vlrTotalBaseRet>
          <vlrTotalRetPrinc>4179,99</vlrTotalRetPrinc>
          <indCPRB>0</indCPRB>
          <nfs>
            <serie>NFSE</serie>
            <numDocto>485</numDocto>
            <dtEmissaoNF>2022-08-03</dtEmissaoNF>
            <vlrBruto>37999,94</vlrBruto>
            <infoTpServ>
              <tpServico>100000030</tpServico>
              <vlrBaseRet>37999,94</vlrBaseRet>
              <vlrRetencao>4179,99</vlrRetencao>
            </infoTpServ>
          </nfs>
        </idePrestServ>
      </ideEstabObra>
      <ideEstabObra>
        <tpInscEstab>1</tpInscEstab>
        <nrInscEstab>46588950000180</nrInscEstab>
        <indObra>0</indObra>
        <idePrestServ>
          <cnpjPrestador>09078578000135</cnpjPrestador>
          <vlrTotalBruto>16200,00</vlrTotalBruto>
          <vlrTotalBaseRet>3240,00</vlrTotalBaseRet>
          <vlrTotalRetPrinc>356,40</vlrTotalRetPrinc>
          <indCPRB>0</indCPRB>
          <nfs>
            <serie>NFSE</serie>
            <numDocto>160</numDocto>
            <dtEmissaoNF>2022-08-18</dtEmissaoNF>
            <vlrBruto>16200,00</vlrBruto>
            <infoTpServ>
              <tpServico>100000003</tpServico>
              <vlrBaseRet>3240,00</vlrBaseRet>
              <vlrRetencao>356,40</vlrRetencao>
            </infoTpServ>
          </nfs>
        </idePrestServ>
      </ideEstabObra>
       <ideEstabObra>
        <tpInscEstab>1</tpInscEstab>
        <nrInscEstab>46588950000180</nrInscEstab>
        <indObra>0</indObra>
        <idePrestServ>
          <cnpjPrestador>08869838000128</cnpjPrestador>
          <vlrTotalBruto>330858,98</vlrTotalBruto>
          <vlrTotalBaseRet>330859,00</vlrTotalBaseRet>
          <vlrTotalRetPrinc>36394,49</vlrTotalRetPrinc>
          <indCPRB>0</indCPRB>
          <nfs>
            <serie>NFSE</serie>
            <numDocto>332</numDocto>
            <dtEmissaoNF>2022-08-09</dtEmissaoNF>
            <vlrBruto>330858,98</vlrBruto>
            <infoTpServ>
              <tpServico>100000022</tpServico>
              <vlrBaseRet>330859,00</vlrBaseRet>
              <vlrRetencao>36394,49</vlrRetencao>
            </infoTpServ>
          </nfs>
        </idePrestServ>
      </ideEstabObra>
      <ideEstabObra>
        <tpInscEstab>1</tpInscEstab>
        <nrInscEstab>46588950000180</nrInscEstab>
        <indObra>0</indObra>
        <idePrestServ>
          <cnpjPrestador>59974154000127</cnpjPrestador>
          <vlrTotalBruto>918353,77</vlrTotalBruto>
          <vlrTotalBaseRet>275506,12</vlrTotalBaseRet>
          <vlrTotalRetPrinc>9642,71</vlrTotalRetPrinc>
          <indCPRB>1</indCPRB>
          <nfs>
            <serie>NFSE</serie>
            <numDocto>292198</numDocto>
            <dtEmissaoNF>2022-08-17</dtEmissaoNF>
            <vlrBruto>7458,20</vlrBruto>
            <infoTpServ>
              <tpServico>100000024</tpServico>
              <vlrBaseRet>2237,46</vlrBaseRet>
              <vlrRetencao>78,31</vlrRetencao>
            </infoTpServ>
          </nfs>
          <nfs>
            <serie>NFSE</serie>
            <numDocto>292370</numDocto>
            <dtEmissaoNF>2022-08-23</dtEmissaoNF>
            <vlrBruto>26060,62</vlrBruto>
            <infoTpServ>
              <tpServico>100000024</tpServico>
              <vlrBaseRet>7818,18</vlrBaseRet>
              <vlrRetencao>273,63</vlrRetencao>
            </infoTpServ>
          </nfs>
          <nfs>
            <serie>NFSE</serie>
            <numDocto>292886</numDocto>
            <dtEmissaoNF>2022-08-29</dtEmissaoNF>
            <vlrBruto>32106,69</vlrBruto>
            <infoTpServ>
              <tpServico>100000024</tpServico>
              <vlrBaseRet>9632,00</vlrBaseRet>
              <vlrRetencao>337,12</vlrRetencao>
            </infoTpServ>
          </nfs>
          <nfs>
            <serie>NFSE</serie>
            <numDocto>291702</numDocto>
            <dtEmissaoNF>2022-08-09</dtEmissaoNF>
            <vlrBruto>852728,26</vlrBruto>
            <infoTpServ>
              <tpServico>100000024</tpServico>
              <vlrBaseRet>255818,48</vlrBaseRet>
              <vlrRetencao>8953,65</vlrRetencao>
            </infoTpServ>
          </nfs>
        </idePrestServ>
      </ideEstabObra>
      <ideEstabObra>
        <tpInscEstab>1</tpInscEstab>
        <nrInscEstab>46588950000180</nrInscEstab>
        <indObra>0</indObra>
        <idePrestServ>
          <cnpjPrestador>56283930000154</cnpjPrestador>
          <vlrTotalBruto>484789,29</vlrTotalBruto>
          <vlrTotalBaseRet>242394,66</vlrTotalBaseRet>
          <vlrTotalRetPrinc>26663,40</vlrTotalRetPrinc>
          <indCPRB>0</indCPRB>
          <nfs>
            <serie>NFSE</serie>
            <numDocto>2112</numDocto>
            <dtEmissaoNF>2022-08-19</dtEmissaoNF>
            <vlrBruto>140482,92</vlrBruto>
            <infoTpServ>
              <tpServico>100000003</tpServico>
              <vlrBaseRet>70241,46</vlrBaseRet>
              <vlrRetencao>7726,56</vlrRetencao>
            </infoTpServ>
          </nfs>
          <nfs>
            <serie>NFSE</serie>
            <numDocto>2115</numDocto>
            <dtEmissaoNF>2022-08-19</dtEmissaoNF>
            <vlrBruto>102995,96</vlrBruto>
            <infoTpServ>
              <tpServico>100000003</tpServico>
              <vlrBaseRet>51497,98</vlrBaseRet>
              <vlrRetencao>5664,77</vlrRetencao>
            </infoTpServ>
          </nfs>
          <nfs>
            <serie>NFSE</serie>
            <numDocto>2117</numDocto>
            <dtEmissaoNF>2022-08-19</dtEmissaoNF>
            <vlrBruto>61949,11</vlrBruto>
            <infoTpServ>
              <tpServico>100000003</tpServico>
              <vlrBaseRet>30974,56</vlrBaseRet>
              <vlrRetencao>3407,20</vlrRetencao>
            </infoTpServ>
          </nfs>
          <nfs>
            <serie>NFSE</serie>
            <numDocto>2116</numDocto>
            <dtEmissaoNF>2022-08-19</dtEmissaoNF>
            <vlrBruto>37701,67</vlrBruto>
            <infoTpServ>
              <tpServico>100000003</tpServico>
              <vlrBaseRet>18850,84</vlrBaseRet>
              <vlrRetencao>2073,59</vlrRetencao>
            </infoTpServ>
          </nfs>
          <nfs>
            <serie>NFSE</serie>
            <numDocto>2118</numDocto>
            <dtEmissaoNF>2022-08-19</dtEmissaoNF>
            <vlrBruto>141659,63</vlrBruto>
            <infoTpServ>
              <tpServico>100000003</tpServico>
              <vlrBaseRet>70829,82</vlrBaseRet>
              <vlrRetencao>7791,28</vlrRetencao>
            </infoTpServ>
          </nfs>
        </idePrestServ>
      </ideEstabObra>
      <ideEstabObra>
        <tpInscEstab>4</tpInscEstab>
        <nrInscEstab>900081818277</nrInscEstab>
        <indObra>1</indObra>
        <idePrestServ>
          <cnpjPrestador>06291846000104</cnpjPrestador>
          <vlrTotalBruto>318958,70</vlrTotalBruto>
          <vlrTotalBaseRet>111635,56</vlrTotalBaseRet>
          <vlrTotalRetPrinc>12279,91</vlrTotalRetPrinc>
          <indCPRB>0</indCPRB>
          <nfs>
            <serie>NFSE</serie>
            <numDocto>26121</numDocto>
            <dtEmissaoNF>2022-08-01</dtEmissaoNF>
            <vlrBruto>133799,78</vlrBruto>
            <infoTpServ>
              <tpServico>100000003</tpServico>
              <vlrBaseRet>46829,92</vlrBaseRet>
              <vlrRetencao>5151,29</vlrRetencao>
            </infoTpServ>
          </nfs>
          <nfs>
            <serie>NFSE</serie>
            <numDocto>26120</numDocto>
            <dtEmissaoNF>2022-08-01</dtEmissaoNF>
            <vlrBruto>185158,92</vlrBruto>
            <infoTpServ>
              <tpServico>100000003</tpServico>
              <vlrBaseRet>64805,64</vlrBaseRet>
              <vlrRetencao>7128,62</vlrRetencao>
            </infoTpServ>
          </nfs>
        </idePrestServ>
      </ideEstabObra>
      <ideEstabObra>
        <tpInscEstab>4</tpInscEstab>
        <nrInscEstab>900111842676</nrInscEstab>
        <indObra>1</indObra>
        <idePrestServ>
          <cnpjPrestador>06291846000104</cnpjPrestador>
          <vlrTotalBruto>489731,05</vlrTotalBruto>
          <vlrTotalBaseRet>171405,91</vlrTotalBaseRet>
          <vlrTotalRetPrinc>18854,64</vlrTotalRetPrinc>
          <indCPRB>0</indCPRB>
          <nfs>
            <serie>NFSE</serie>
            <numDocto>26287</numDocto>
            <dtEmissaoNF>2022-08-08</dtEmissaoNF>
            <vlrBruto>73315,20</vlrBruto>
            <infoTpServ>
              <tpServico>100000003</tpServico>
              <vlrBaseRet>25660,37</vlrBaseRet>
              <vlrRetencao>2822,64</vlrRetencao>
            </infoTpServ>
          </nfs>
          <nfs>
            <serie>NFSE</serie>
            <numDocto>26404</numDocto>
            <dtEmissaoNF>2022-08-31</dtEmissaoNF>
            <vlrBruto>317598,88</vlrBruto>
            <infoTpServ>
              <tpServico>100000003</tpServico>
              <vlrBaseRet>111159,60</vlrBaseRet>
              <vlrRetencao>12227,55</vlrRetencao>
            </infoTpServ>
          </nfs>
          <nfs>
            <serie>NFSE</serie>
            <numDocto>26288</numDocto>
            <dtEmissaoNF>2022-08-08</dtEmissaoNF>
            <vlrBruto>98816,97</vlrBruto>
            <infoTpServ>
              <tpServico>100000003</tpServico>
              <vlrBaseRet>34585,94</vlrBaseRet>
              <vlrRetencao>3804,45</vlrRetencao>
            </infoTpServ>
          </nfs>
        </idePrestServ>
      </ideEstabObra>
      <ideEstabObra>
        <tpInscEstab>4</tpInscEstab>
        <nrInscEstab>090081818277</nrInscEstab>
        <indObra>1</indObra>
        <idePrestServ>
          <cnpjPrestador>06291846000104</cnpjPrestador>
          <vlrTotalBruto>515191,74</vlrTotalBruto>
          <vlrTotalBaseRet>180317,10</vlrTotalBaseRet>
          <vlrTotalRetPrinc>19834,88</vlrTotalRetPrinc>
          <indCPRB>0</indCPRB>
          <nfs>
            <serie>NFSE</serie>
            <numDocto>26119</numDocto>
            <dtEmissaoNF>2022-08-01</dtEmissaoNF>
            <vlrBruto>515191,74</vlrBruto>
            <infoTpServ>
              <tpServico>100000003</tpServico>
              <vlrBaseRet>180317,10</vlrBaseRet>
              <vlrRetencao>19834,88</vlrRetencao>
            </infoTpServ>
          </nfs>
        </idePrestServ>
      </ideEstabObra>
      <ideEstabObra>
        <tpInscEstab>1</tpInscEstab>
        <nrInscEstab>46588950000180</nrInscEstab>
        <indObra>0</indObra>
        <idePrestServ>
          <cnpjPrestador>06291846000104</cnpjPrestador>
          <vlrTotalBruto>8739903,50</vlrTotalBruto>
          <vlrTotalBaseRet>6593203,83</vlrTotalBaseRet>
          <vlrTotalRetPrinc>725252,40</vlrTotalRetPrinc>
          <indCPRB>0</indCPRB>
          <nfs>
            <serie>NFSE</serie>
            <numDocto>26161</numDocto>
            <dtEmissaoNF>2022-08-05</dtEmissaoNF>
            <vlrBruto>58738,98</vlrBruto>
            <infoTpServ>
              <tpServico>100000001</tpServico>
              <vlrBaseRet>20558,64</vlrBaseRet>
              <vlrRetencao>2261,45</vlrRetencao>
            </infoTpServ>
          </nfs>
          <nfs>
            <serie>NFSE</serie>
            <numDocto>26147</numDocto>
            <dtEmissaoNF>2022-08-03</dtEmissaoNF>
            <vlrBruto>1000019,91</vlrBruto>
            <infoTpServ>
              <tpServico>100000001</tpServico>
              <vlrBaseRet>800015,92</vlrBaseRet>
              <vlrRetencao>88001,75</vlrRetencao>
            </infoTpServ>
          </nfs>
          <nfs>
            <serie>NFSE</serie>
            <numDocto>26148</numDocto>
            <dtEmissaoNF>2022-08-03</dtEmissaoNF>
            <vlrBruto>1021491,16</vlrBruto>
            <infoTpServ>
              <tpServico>100000001</tpServico>
              <vlrBaseRet>817192,92</vlrBaseRet>
              <vlrRetencao>89891,22</vlrRetencao>
            </infoTpServ>
          </nfs>
          <nfs>
            <serie>NFSE</serie>
            <numDocto>26146</numDocto>
            <dtEmissaoNF>2022-08-03</dtEmissaoNF>
            <vlrBruto>3365883,85</vlrBruto>
            <infoTpServ>
              <tpServico>100000001</tpServico>
              <vlrBaseRet>2692707,10</vlrBaseRet>
              <vlrRetencao>296197,78</vlrRetencao>
            </infoTpServ>
          </nfs>
          <nfs>
            <serie>NFSE</serie>
            <numDocto>26136</numDocto>
            <dtEmissaoNF>2022-08-02</dtEmissaoNF>
            <vlrBruto>1394284,92</vlrBruto>
            <infoTpServ>
              <tpServico>100000001</tpServico>
              <vlrBaseRet>1115427,93</vlrBaseRet>
              <vlrRetencao>122697,07</vlrRetencao>
            </infoTpServ>
          </nfs>
          <nfs>
            <serie>NFSE</serie>
            <numDocto>26371</numDocto>
            <dtEmissaoNF>2022-08-12</dtEmissaoNF>
            <vlrBruto>222710,70</vlrBruto>
            <infoTpServ>
              <tpServico>100000001</tpServico>
              <vlrBaseRet>178168,56</vlrBaseRet>
              <vlrRetencao>19598,54</vlrRetencao>
            </infoTpServ>
          </nfs>
          <nfs>
            <serie>NFSE</serie>
            <numDocto>26160</numDocto>
            <dtEmissaoNF>2022-08-05</dtEmissaoNF>
            <vlrBruto>369348,41</vlrBruto>
            <infoTpServ>
              <tpServico>100000031</tpServico>
              <vlrBaseRet>129271,94</vlrBaseRet>
              <vlrRetencao>14219,91</vlrRetencao>
            </infoTpServ>
          </nfs>
          <nfs>
            <serie>NFSE</serie>
            <numDocto>26139</numDocto>
            <dtEmissaoNF>2022-08-02</dtEmissaoNF>
            <vlrBruto>429038,42</vlrBruto>
            <infoTpServ>
              <tpServico>100000001</tpServico>
              <vlrBaseRet>343230,73</vlrBaseRet>
              <vlrRetencao>37755,38</vlrRetencao>
            </infoTpServ>
          </nfs>
          <nfs>
            <serie>NFSE</serie>
            <numDocto>26374</numDocto>
            <dtEmissaoNF>2022-08-15</dtEmissaoNF>
            <vlrBruto>34191,95</vlrBruto>
            <infoTpServ>
              <tpServico>100000001</tpServico>
              <vlrBaseRet>11967,18</vlrBaseRet>
              <vlrRetencao>1316,38</vlrRetencao>
            </infoTpServ>
          </nfs>
          <nfs>
            <serie>NFSE</serie>
            <numDocto>26137</numDocto>
            <dtEmissaoNF>2022-08-02</dtEmissaoNF>
            <vlrBruto>420432,34</vlrBruto>
            <infoTpServ>
              <tpServico>100000001</tpServico>
              <vlrBaseRet>336345,91</vlrBaseRet>
              <vlrRetencao>36998,05</vlrRetencao>
            </infoTpServ>
          </nfs>
          <nfs>
            <serie>NFSE</serie>
            <numDocto>26394</numDocto>
            <dtEmissaoNF>2022-08-19</dtEmissaoNF>
            <vlrBruto>423762,86</vlrBruto>
            <infoTpServ>
              <tpServico>100000003</tpServico>
              <vlrBaseRet>148317,00</vlrBaseRet>
              <vlrRetencao>16314,87</vlrRetencao>
            </infoTpServ>
          </nfs>
        </idePrestServ>
      </ideEstabObra>
      <ideEstabObra>
        <tpInscEstab>1</tpInscEstab>
        <nrInscEstab>46588950000180</nrInscEstab>
        <indObra>0</indObra>
        <idePrestServ>
          <cnpjPrestador>12300587000133</cnpjPrestador>
          <vlrTotalBruto>104545,23</vlrTotalBruto>
          <vlrTotalBaseRet>41818,09</vlrTotalBaseRet>
          <vlrTotalRetPrinc>1463,63</vlrTotalRetPrinc>
          <indCPRB>1</indCPRB>
          <nfs>
            <serie>NFSE</serie>
            <numDocto>356</numDocto>
            <dtEmissaoNF>2022-08-03</dtEmissaoNF>
            <vlrBruto>104545,23</vlrBruto>
            <infoTpServ>
              <tpServico>100000003</tpServico>
              <vlrBaseRet>41818,09</vlrBaseRet>
              <vlrRetencao>1463,63</vlrRetencao>
            </infoTpServ>
          </nfs>
        </idePrestServ>
      </ideEstabObra>
      <ideEstabObra>
        <tpInscEstab>4</tpInscEstab>
        <nrInscEstab>900059984272</nrInscEstab>
        <indObra>1</indObra>
        <idePrestServ>
          <cnpjPrestador>06189645000109</cnpjPrestador>
          <vlrTotalBruto>46216,05</vlrTotalBruto>
          <vlrTotalBaseRet>23108,02</vlrTotalBaseRet>
          <vlrTotalRetPrinc>2541,88</vlrTotalRetPrinc>
          <indCPRB>0</indCPRB>
          <nfs>
            <serie>NFSE</serie>
            <numDocto>295</numDocto>
            <dtEmissaoNF>2022-08-03</dtEmissaoNF>
            <vlrBruto>46216,05</vlrBruto>
            <infoTpServ>
              <tpServico>100000003</tpServico>
              <vlrBaseRet>23108,02</vlrBaseRet>
              <vlrRetencao>2541,88</vlrRetencao>
            </infoTpServ>
          </nfs>
        </idePrestServ>
      </ideEstabObra>
      <ideEstabObra>
        <tpInscEstab>4</tpInscEstab>
        <nrInscEstab>900102055876</nrInscEstab>
        <indObra>1</indObra>
        <idePrestServ>
          <cnpjPrestador>06189645000109</cnpjPrestador>
          <vlrTotalBruto>141660,68</vlrTotalBruto>
          <vlrTotalBaseRet>70830,37</vlrTotalBaseRet>
          <vlrTotalRetPrinc>7791,34</vlrTotalRetPrinc>
          <indCPRB>0</indCPRB>
          <nfs>
            <serie>NFSE</serie>
            <numDocto>296</numDocto>
            <dtEmissaoNF>2022-08-12</dtEmissaoNF>
            <vlrBruto>141660,68</vlrBruto>
            <infoTpServ>
              <tpServico>100000003</tpServico>
              <vlrBaseRet>70830,37</vlrBaseRet>
              <vlrRetencao>7791,34</vlrRetencao>
            </infoTpServ>
          </nfs>
        </idePrestServ>
      </ideEstabObra>
      <ideEstabObra>
        <tpInscEstab>4</tpInscEstab>
        <nrInscEstab>900103877077</nrInscEstab>
        <indObra>1</indObra>
        <idePrestServ>
          <cnpjPrestador>06189645000109</cnpjPrestador>
          <vlrTotalBruto>89771,56</vlrTotalBruto>
          <vlrTotalBaseRet>44855,82</vlrTotalBaseRet>
          <vlrTotalRetPrinc>4934,14</vlrTotalRetPrinc>
          <indCPRB>0</indCPRB>
          <nfs>
            <serie>NFSE</serie>
            <numDocto>297</numDocto>
            <dtEmissaoNF>2022-08-12</dtEmissaoNF>
            <vlrBruto>89771,56</vlrBruto>
            <infoTpServ>
              <tpServico>100000003</tpServico>
              <vlrBaseRet>44855,82</vlrBaseRet>
              <vlrRetencao>4934,14</vlrRetencao>
            </infoTpServ>
          </nfs>
        </idePrestServ>
      </ideEstabObra>
      <ideEstabObra>
        <tpInscEstab>4</tpInscEstab>
        <nrInscEstab>900112683379</nrInscEstab>
        <indObra>1</indObra>
        <idePrestServ>
          <cnpjPrestador>06189645000109</cnpjPrestador>
          <vlrTotalBruto>223738,20</vlrTotalBruto>
          <vlrTotalBaseRet>111869,10</vlrTotalBaseRet>
          <vlrTotalRetPrinc>12305,60</vlrTotalRetPrinc>
          <indCPRB>0</indCPRB>
          <nfs>
            <serie>NFSE</serie>
            <numDocto>294</numDocto>
            <dtEmissaoNF>2022-08-02</dtEmissaoNF>
            <vlrBruto>223738,20</vlrBruto>
            <infoTpServ>
              <tpServico>100000003</tpServico>
              <vlrBaseRet>111869,10</vlrBaseRet>
              <vlrRetencao>12305,60</vlrRetencao>
            </infoTpServ>
          </nfs>
        </idePrestServ>
      </ideEstabObra>
      <ideEstabObra>
        <tpInscEstab>1</tpInscEstab>
        <nrInscEstab>46588950000180</nrInscEstab>
        <indObra>0</indObra>
        <idePrestServ>
          <cnpjPrestador>34006815000108</cnpjPrestador>
          <vlrTotalBruto>193392,78</vlrTotalBruto>
          <vlrTotalBaseRet>174163,00</vlrTotalBaseRet>
          <vlrTotalRetPrinc>19157,93</vlrTotalRetPrinc>
          <indCPRB>0</indCPRB>
          <nfs>
            <serie>NFSE</serie>
            <numDocto>64</numDocto>
            <dtEmissaoNF>2022-08-08</dtEmissaoNF>
            <vlrBruto>193392,78</vlrBruto>
            <infoTpServ>
              <tpServico>100000031</tpServico>
              <vlrBaseRet>174163,00</vlrBaseRet>
              <vlrRetencao>19157,93</vlrRetencao>
            </infoTpServ>
          </nfs>
        </idePrestServ>
      </ideEstabObra>
       <ideEstabObra>
        <tpInscEstab>1</tpInscEstab>
        <nrInscEstab>46588950000180</nrInscEstab>
        <indObra>0</indObra>
        <idePrestServ>
          <cnpjPrestador>44749776000184</cnpjPrestador>
          <vlrTotalBruto>17979,50</vlrTotalBruto>
          <vlrTotalBaseRet>17979,50</vlrTotalBaseRet>
          <vlrTotalRetPrinc>629,28</vlrTotalRetPrinc>
          <indCPRB>1</indCPRB>
          <nfs>
            <serie>NFSE</serie>
            <numDocto>4</numDocto>
            <dtEmissaoNF>2022-08-11</dtEmissaoNF>
            <vlrBruto>17979,50</vlrBruto>
            <infoTpServ>
              <tpServico>100000003</tpServico>
              <vlrBaseRet>17979,50</vlrBaseRet>
              <vlrRetencao>629,28</vlrRetencao>
            </infoTpServ>
          </nfs>
        </idePrestServ>
      </ideEstabObra>
       <ideEstabObra>
        <tpInscEstab>1</tpInscEstab>
        <nrInscEstab>46588950000180</nrInscEstab>
        <indObra>0</indObra>
        <idePrestServ>
          <cnpjPrestador>45107612000116</cnpjPrestador>
          <vlrTotalBruto>1173200,51</vlrTotalBruto>
          <vlrTotalBaseRet>1173200,59</vlrTotalBaseRet>
          <vlrTotalRetPrinc>129052,02</vlrTotalRetPrinc>
          <indCPRB>0</indCPRB>
          <nfs>
            <serie>NFSE</serie>
            <numDocto>1355</numDocto>
            <dtEmissaoNF>2022-08-31</dtEmissaoNF>
            <vlrBruto>41991,68</vlrBruto>
            <infoTpServ>
              <tpServico>100000001</tpServico>
              <vlrBaseRet>41991,68</vlrBaseRet>
              <vlrRetencao>4619,08</vlrRetencao>
            </infoTpServ>
          </nfs>
          <nfs>
            <serie>NFSE</serie>
            <numDocto>1346</numDocto>
            <dtEmissaoNF>2022-08-01</dtEmissaoNF>
            <vlrBruto>15048,42</vlrBruto>
            <infoTpServ>
              <tpServico>100000001</tpServico>
              <vlrBaseRet>15048,46</vlrBaseRet>
              <vlrRetencao>1655,33</vlrRetencao>
            </infoTpServ>
          </nfs>
          <nfs>
            <serie>NFSE</serie>
            <numDocto>1351</numDocto>
            <dtEmissaoNF>2022-08-17</dtEmissaoNF>
            <vlrBruto>13029,31</vlrBruto>
            <infoTpServ>
              <tpServico>100000001</tpServico>
              <vlrBaseRet>13029,31</vlrBaseRet>
              <vlrRetencao>1433,22</vlrRetencao>
            </infoTpServ>
          </nfs>
          <nfs>
            <serie>NFSE</serie>
            <numDocto>1343</numDocto>
            <dtEmissaoNF>2022-08-01</dtEmissaoNF>
            <vlrBruto>80615,85</vlrBruto>
            <infoTpServ>
              <tpServico>100000001</tpServico>
              <vlrBaseRet>80615,85</vlrBaseRet>
              <vlrRetencao>8867,74</vlrRetencao>
            </infoTpServ>
          </nfs>
          <nfs>
            <serie>NFSE</serie>
            <numDocto>1345</numDocto>
            <dtEmissaoNF>2022-08-01</dtEmissaoNF>
            <vlrBruto>36471,42</vlrBruto>
            <infoTpServ>
              <tpServico>100000001</tpServico>
              <vlrBaseRet>36471,46</vlrBaseRet>
              <vlrRetencao>4011,86</vlrRetencao>
            </infoTpServ>
          </nfs>
          <nfs>
            <serie>NFSE</serie>
            <numDocto>1353</numDocto>
            <dtEmissaoNF>2022-08-22</dtEmissaoNF>
            <vlrBruto>653415,04</vlrBruto>
            <infoTpServ>
              <tpServico>100000001</tpServico>
              <vlrBaseRet>653415,04</vlrBaseRet>
              <vlrRetencao>71875,65</vlrRetencao>
            </infoTpServ>
          </nfs>
          <nfs>
            <serie>NFSE</serie>
            <numDocto>1347</numDocto>
            <dtEmissaoNF>2022-08-01</dtEmissaoNF>
            <vlrBruto>23814,84</vlrBruto>
            <infoTpServ>
              <tpServico>100000001</tpServico>
              <vlrBaseRet>23814,84</vlrBaseRet>
              <vlrRetencao>2619,63</vlrRetencao>
            </infoTpServ>
          </nfs>
          <nfs>
            <serie>NFSE</serie>
            <numDocto>1348</numDocto>
            <dtEmissaoNF>2022-08-02</dtEmissaoNF>
            <vlrBruto>90297,59</vlrBruto>
            <infoTpServ>
              <tpServico>100000001</tpServico>
              <vlrBaseRet>90297,59</vlrBaseRet>
              <vlrRetencao>9932,73</vlrRetencao>
            </infoTpServ>
          </nfs>
          <nfs>
            <serie>NFSE</serie>
            <numDocto>1349</numDocto>
            <dtEmissaoNF>2022-08-12</dtEmissaoNF>
            <vlrBruto>1764,00</vlrBruto>
            <infoTpServ>
              <tpServico>100000001</tpServico>
              <vlrBaseRet>1764,00</vlrBaseRet>
              <vlrRetencao>194,04</vlrRetencao>
            </infoTpServ>
          </nfs>
          <nfs>
            <serie>NFSE</serie>
            <numDocto>1352</numDocto>
            <dtEmissaoNF>2022-08-17</dtEmissaoNF>
            <vlrBruto>46071,35</vlrBruto>
            <infoTpServ>
              <tpServico>100000001</tpServico>
              <vlrBaseRet>46071,35</vlrBaseRet>
              <vlrRetencao>5067,84</vlrRetencao>
            </infoTpServ>
          </nfs>
          <nfs>
            <serie>NFSE</serie>
            <numDocto>1354</numDocto>
            <dtEmissaoNF>2022-08-23</dtEmissaoNF>
            <vlrBruto>6992,52</vlrBruto>
            <infoTpServ>
              <tpServico>100000001</tpServico>
              <vlrBaseRet>6992,52</vlrBaseRet>
              <vlrRetencao>769,17</vlrRetencao>
            </infoTpServ>
          </nfs>
          <nfs>
            <serie>NFSE</serie>
            <numDocto>1344</numDocto>
            <dtEmissaoNF>2022-08-01</dtEmissaoNF>
            <vlrBruto>163688,49</vlrBruto>
            <infoTpServ>
              <tpServico>100000001</tpServico>
              <vlrBaseRet>163688,49</vlrBaseRet>
              <vlrRetencao>18005,73</vlrRetencao>
            </infoTpServ>
          </nfs>
        </idePrestServ>
      </ideEstabObra>
      <ideEstabObra>
        <tpInscEstab>1</tpInscEstab>
        <nrInscEstab>46588950000180</nrInscEstab>
        <indObra>0</indObra>
        <idePrestServ>
          <cnpjPrestador>01312003000123</cnpjPrestador>
          <vlrTotalBruto>111654,10</vlrTotalBruto>
          <vlrTotalBaseRet>111654,11</vlrTotalBaseRet>
          <vlrTotalRetPrinc>12281,88</vlrTotalRetPrinc>
          <indCPRB>0</indCPRB>
          <nfs>
            <serie>NFSE</serie>
            <numDocto>18292</numDocto>
            <dtEmissaoNF>2022-08-15</dtEmissaoNF>
            <vlrBruto>135,41</vlrBruto>
            <infoTpServ>
              <tpServico>100000006</tpServico>
              <vlrBaseRet>135,41</vlrBaseRet>
              <vlrRetencao>14,89</vlrRetencao>
            </infoTpServ>
          </nfs>
          <nfs>
            <serie>NFSE</serie>
            <numDocto>18170</numDocto>
            <dtEmissaoNF>2022-08-10</dtEmissaoNF>
            <vlrBruto>167,56</vlrBruto>
            <infoTpServ>
              <tpServico>100000006</tpServico>
              <vlrBaseRet>167,56</vlrBaseRet>
              <vlrRetencao>18,43</vlrRetencao>
            </infoTpServ>
          </nfs>
          <nfs>
            <serie>NFSE</serie>
            <numDocto>18240</numDocto>
            <dtEmissaoNF>2022-08-12</dtEmissaoNF>
            <vlrBruto>5275,76</vlrBruto>
            <infoTpServ>
              <tpServico>100000006</tpServico>
              <vlrBaseRet>5275,76</vlrBaseRet>
              <vlrRetencao>580,33</vlrRetencao>
            </infoTpServ>
          </nfs>
          <nfs>
            <serie>NFSE</serie>
            <numDocto>18304</numDocto>
            <dtEmissaoNF>2022-08-15</dtEmissaoNF>
            <vlrBruto>20995,59</vlrBruto>
            <infoTpServ>
              <tpServico>100000006</tpServico>
              <vlrBaseRet>20995,59</vlrBaseRet>
              <vlrRetencao>2309,51</vlrRetencao>
            </infoTpServ>
          </nfs>
          <nfs>
            <serie>NFSE</serie>
            <numDocto>18235</numDocto>
            <dtEmissaoNF>2022-08-12</dtEmissaoNF>
            <vlrBruto>2057,83</vlrBruto>
            <infoTpServ>
              <tpServico>100000006</tpServico>
              <vlrBaseRet>2057,83</vlrBaseRet>
              <vlrRetencao>226,36</vlrRetencao>
            </infoTpServ>
          </nfs>
          <nfs>
            <serie>NFSE</serie>
            <numDocto>18230</numDocto>
            <dtEmissaoNF>2022-08-12</dtEmissaoNF>
            <vlrBruto>69485,98</vlrBruto>
            <infoTpServ>
              <tpServico>100000006</tpServico>
              <vlrBaseRet>69485,98</vlrBaseRet>
              <vlrRetencao>7643,45</vlrRetencao>
            </infoTpServ>
          </nfs>
          <nfs>
            <serie>NFSE</serie>
            <numDocto>18323</numDocto>
            <dtEmissaoNF>2022-08-16</dtEmissaoNF>
            <vlrBruto>619,25</vlrBruto>
            <infoTpServ>
              <tpServico>100000006</tpServico>
              <vlrBaseRet>619,25</vlrBaseRet>
              <vlrRetencao>68,11</vlrRetencao>
            </infoTpServ>
          </nfs>
          <nfs>
            <serie>NFSE</serie>
            <numDocto>18298</numDocto>
            <dtEmissaoNF>2022-08-15</dtEmissaoNF>
            <vlrBruto>3651,16</vlrBruto>
            <infoTpServ>
              <tpServico>100000006</tpServico>
              <vlrBaseRet>3651,16</vlrBaseRet>
              <vlrRetencao>401,62</vlrRetencao>
            </infoTpServ>
          </nfs>
          <nfs>
            <serie>NFSE</serie>
            <numDocto>18275</numDocto>
            <dtEmissaoNF>2022-08-15</dtEmissaoNF>
            <vlrBruto>434,85</vlrBruto>
            <infoTpServ>
              <tpServico>100000006</tpServico>
              <vlrBaseRet>434,85</vlrBaseRet>
              <vlrRetencao>47,83</vlrRetencao>
            </infoTpServ>
          </nfs>
          <nfs>
            <serie>NFSE</serie>
            <numDocto>18270</numDocto>
            <dtEmissaoNF>2022-08-15</dtEmissaoNF>
            <vlrBruto>121,22</vlrBruto>
            <infoTpServ>
              <tpServico>100000006</tpServico>
              <vlrBaseRet>121,22</vlrBaseRet>
              <vlrRetencao>13,33</vlrRetencao>
            </infoTpServ>
          </nfs>
          <nfs>
            <serie>NFSE</serie>
            <numDocto>18326</numDocto>
            <dtEmissaoNF>2022-08-16</dtEmissaoNF>
            <vlrBruto>116,66</vlrBruto>
            <infoTpServ>
              <tpServico>100000006</tpServico>
              <vlrBaseRet>116,66</vlrBaseRet>
              <vlrRetencao>12,83</vlrRetencao>
            </infoTpServ>
          </nfs>
          <nfs>
            <serie>NFSE</serie>
            <numDocto>18317</numDocto>
            <dtEmissaoNF>2022-08-15</dtEmissaoNF>
            <vlrBruto>256,11</vlrBruto>
            <infoTpServ>
              <tpServico>100000006</tpServico>
              <vlrBaseRet>256,11</vlrBaseRet>
              <vlrRetencao>28,17</vlrRetencao>
            </infoTpServ>
          </nfs>
          <nfs>
            <serie>NFSE</serie>
            <numDocto>18253</numDocto>
            <dtEmissaoNF>2022-08-15</dtEmissaoNF>
            <vlrBruto>2428,08</vlrBruto>
            <infoTpServ>
              <tpServico>100000006</tpServico>
              <vlrBaseRet>2428,08</vlrBaseRet>
              <vlrRetencao>267,09</vlrRetencao>
            </infoTpServ>
          </nfs>
          <nfs>
            <serie>NFSE</serie>
            <numDocto>18191</numDocto>
            <dtEmissaoNF>2022-08-11</dtEmissaoNF>
            <vlrBruto>254,56</vlrBruto>
            <infoTpServ>
              <tpServico>100000006</tpServico>
              <vlrBaseRet>254,56</vlrBaseRet>
              <vlrRetencao>28,00</vlrRetencao>
            </infoTpServ>
          </nfs>
          <nfs>
            <serie>NFSE</serie>
            <numDocto>18223</numDocto>
            <dtEmissaoNF>2022-08-12</dtEmissaoNF>
            <vlrBruto>1117,61</vlrBruto>
            <infoTpServ>
              <tpServico>100000006</tpServico>
              <vlrBaseRet>1117,61</vlrBaseRet>
              <vlrRetencao>122,93</vlrRetencao>
            </infoTpServ>
          </nfs>
          <nfs>
            <serie>NFSE</serie>
            <numDocto>18288</numDocto>
            <dtEmissaoNF>2022-08-15</dtEmissaoNF>
            <vlrBruto>112,02</vlrBruto>
            <infoTpServ>
              <tpServico>100000006</tpServico>
              <vlrBaseRet>112,02</vlrBaseRet>
              <vlrRetencao>12,32</vlrRetencao>
            </infoTpServ>
          </nfs>
          <nfs>
            <serie>NFSE</serie>
            <numDocto>18179</numDocto>
            <dtEmissaoNF>2022-08-10</dtEmissaoNF>
            <vlrBruto>2171,54</vlrBruto>
            <infoTpServ>
              <tpServico>100000006</tpServico>
              <vlrBaseRet>2171,55</vlrBaseRet>
              <vlrRetencao>238,87</vlrRetencao>
            </infoTpServ>
          </nfs>
          <nfs>
            <serie>NFSE</serie>
            <numDocto>18200</numDocto>
            <dtEmissaoNF>2022-08-11</dtEmissaoNF>
            <vlrBruto>290,92</vlrBruto>
            <infoTpServ>
              <tpServico>100000006</tpServico>
              <vlrBaseRet>290,92</vlrBaseRet>
              <vlrRetencao>32,00</vlrRetencao>
            </infoTpServ>
          </nfs>
          <nfs>
            <serie>NFSE</serie>
            <numDocto>18196</numDocto>
            <dtEmissaoNF>2022-08-11</dtEmissaoNF>
            <vlrBruto>159,19</vlrBruto>
            <infoTpServ>
              <tpServico>100000006</tpServico>
              <vlrBaseRet>159,19</vlrBaseRet>
              <vlrRetencao>17,51</vlrRetencao>
            </infoTpServ>
          </nfs>
          <nfs>
            <serie>NFSE</serie>
            <numDocto>18286</numDocto>
            <dtEmissaoNF>2022-08-15</dtEmissaoNF>
            <vlrBruto>1694,31</vlrBruto>
            <infoTpServ>
              <tpServico>100000006</tpServico>
              <vlrBaseRet>1694,31</vlrBaseRet>
              <vlrRetencao>186,37</vlrRetencao>
            </infoTpServ>
          </nfs>
          <nfs>
            <serie>NFSE</serie>
            <numDocto>18165</numDocto>
            <dtEmissaoNF>2022-08-10</dtEmissaoNF>
            <vlrBruto>108,49</vlrBruto>
            <infoTpServ>
              <tpServico>100000006</tpServico>
              <vlrBaseRet>108,49</vlrBaseRet>
              <vlrRetencao>11,93</vlrRetencao>
            </infoTpServ>
          </nfs>
        </idePrestServ>
      </ideEstabObra>
      <ideEstabObra>
        <tpInscEstab>1</tpInscEstab>
        <nrInscEstab>46588950000180</nrInscEstab>
        <indObra>0</indObra>
        <idePrestServ>
          <cnpjPrestador>02190877000118</cnpjPrestador>
          <vlrTotalBruto>560320,24</vlrTotalBruto>
          <vlrTotalBaseRet>560320,24</vlrTotalBaseRet>
          <vlrTotalRetPrinc>61635,22</vlrTotalRetPrinc>
          <indCPRB>0</indCPRB>
          <nfs>
            <serie>NFSE</serie>
            <numDocto>5306</numDocto>
            <dtEmissaoNF>2022-08-01</dtEmissaoNF>
            <vlrBruto>7769,47</vlrBruto>
            <infoTpServ>
              <tpServico>100000031</tpServico>
              <vlrBaseRet>7769,47</vlrBaseRet>
              <vlrRetencao>854,64</vlrRetencao>
            </infoTpServ>
          </nfs>
          <nfs>
            <serie>NFSE</serie>
            <numDocto>5364</numDocto>
            <dtEmissaoNF>2022-08-16</dtEmissaoNF>
            <vlrBruto>552550,77</vlrBruto>
            <infoTpServ>
              <tpServico>100000001</tpServico>
              <vlrBaseRet>552550,77</vlrBaseRet>
              <vlrRetencao>60780,58</vlrRetencao>
            </infoTpServ>
          </nfs>
        </idePrestServ>
      </ideEstabObra>
      <ideEstabObra>
        <tpInscEstab>1</tpInscEstab>
        <nrInscEstab>46588950000180</nrInscEstab>
        <indObra>0</indObra>
        <idePrestServ>
          <cnpjPrestador>30260847000176</cnpjPrestador>
          <vlrTotalBruto>290322,91</vlrTotalBruto>
          <vlrTotalBaseRet>249314,10</vlrTotalBaseRet>
          <vlrTotalRetPrinc>27424,55</vlrTotalRetPrinc>
          <indCPRB>0</indCPRB>
          <nfs>
            <serie>NFSE</serie>
            <numDocto>95</numDocto>
            <dtEmissaoNF>2022-08-12</dtEmissaoNF>
            <vlrBruto>290322,91</vlrBruto>
            <infoTpServ>
              <tpServico>100000002</tpServico>
              <vlrBaseRet>249314,10</vlrBaseRet>
              <vlrRetencao>27424,55</vlrRetencao>
            </infoTpServ>
          </nfs>
        </idePrestServ>
      </ideEstabObra>
      <ideEstabObra>
        <tpInscEstab>1</tpInscEstab>
        <nrInscEstab>46588950000180</nrInscEstab>
        <indObra>0</indObra>
        <idePrestServ>
          <cnpjPrestador>30260847000176</cnpjPrestador>
          <vlrTotalBruto>290322,91</vlrTotalBruto>
          <vlrTotalBaseRet>249314,10</vlrTotalBaseRet>
          <vlrTotalRetPrinc>27424,55</vlrTotalRetPrinc>
          <indCPRB>0</indCPRB>
          <nfs>
            <serie>NFSE</serie>
            <numDocto>95</numDocto>
            <dtEmissaoNF>2022-08-12</dtEmissaoNF>
            <vlrBruto>290322,91</vlrBruto>
            <infoTpServ>
              <tpServico>100000002</tpServico>
              <vlrBaseRet>249314,10</vlrBaseRet>
              <vlrRetencao>27424,55</vlrRetencao>
            </infoTpServ>
          </nfs>
        </idePrestServ>
      </ideEstabObra>
      <ideEstabObra>
        <tpInscEstab>1</tpInscEstab>
        <nrInscEstab>46588950000180</nrInscEstab>
        <indObra>0</indObra>
        <idePrestServ>
          <cnpjPrestador>64858822000190</cnpjPrestador>
          <vlrTotalBruto>119560,59</vlrTotalBruto>
          <vlrTotalBaseRet>59780,30</vlrTotalBaseRet>
          <vlrTotalRetPrinc>6575,83</vlrTotalRetPrinc>
          <indCPRB>0</indCPRB>
          <nfs>
            <serie>NFSE</serie>
            <numDocto>10433</numDocto>
            <dtEmissaoNF>2022-08-11</dtEmissaoNF>
            <vlrBruto>119560,59</vlrBruto>
            <infoTpServ>
              <tpServico>100000003</tpServico>
              <vlrBaseRet>59780,30</vlrBaseRet>
              <vlrRetencao>6575,83</vlrRetencao>
            </infoTpServ>
          </nfs>
        </idePrestServ>
      </ideEstabObra>
      <ideEstabObra>
        <tpInscEstab>1</tpInscEstab>
        <nrInscEstab>46588950000180</nrInscEstab>
        <indObra>0</indObra>
        <idePrestServ>
          <cnpjPrestador>04043043000105</cnpjPrestador>
          <vlrTotalBruto>1622903,65</vlrTotalBruto>
          <vlrTotalBaseRet>1331718,16</vlrTotalBaseRet>
          <vlrTotalRetPrinc>146488,99</vlrTotalRetPrinc>
          <indCPRB>0</indCPRB>
          <nfs>
            <serie>NFSE</serie>
            <numDocto>3722</numDocto>
            <dtEmissaoNF>2022-08-01</dtEmissaoNF>
            <vlrBruto>340454,02</vlrBruto>
            <infoTpServ>
              <tpServico>100000031</tpServico>
              <vlrBaseRet>265726,64</vlrBaseRet>
              <vlrRetencao>29229,93</vlrRetencao>
            </infoTpServ>
          </nfs>
          <nfs>
            <serie>NFSE</serie>
            <numDocto>3730</numDocto>
            <dtEmissaoNF>2022-08-03</dtEmissaoNF>
            <vlrBruto>107125,05</vlrBruto>
            <infoTpServ>
              <tpServico>100000031</tpServico>
              <vlrBaseRet>87865,96</vlrBaseRet>
              <vlrRetencao>9665,25</vlrRetencao>
            </infoTpServ>
          </nfs>
          <nfs>
            <serie>NFSE</serie>
            <numDocto>3723</numDocto>
            <dtEmissaoNF>2022-08-01</dtEmissaoNF>
            <vlrBruto>1125373,79</vlrBruto>
            <infoTpServ>
              <tpServico>100000031</tpServico>
              <vlrBaseRet>935785,10</vlrBaseRet>
              <vlrRetencao>102936,36</vlrRetencao>
            </infoTpServ>
          </nfs>
          <nfs>
            <serie>NFSE</serie>
            <numDocto>3729</numDocto>
            <dtEmissaoNF>2022-08-03</dtEmissaoNF>
            <vlrBruto>49950,79</vlrBruto>
            <infoTpServ>
              <tpServico>100000031</tpServico>
              <vlrBaseRet>42340,46</vlrBaseRet>
              <vlrRetencao>4657,45</vlrRetencao>
            </infoTpServ>
          </nfs>
        </idePrestServ>
      </ideEstabObra>
      <ideEstabObra>
        <tpInscEstab>1</tpInscEstab>
        <nrInscEstab>46588950000180</nrInscEstab>
        <indObra>0</indObra>
        <idePrestServ>
          <cnpjPrestador>22535466000124</cnpjPrestador>
          <vlrTotalBruto>98720,10</vlrTotalBruto>
          <vlrTotalBaseRet>98720,10</vlrTotalBaseRet>
          <vlrTotalRetPrinc>10859,21</vlrTotalRetPrinc>
          <indCPRB>0</indCPRB>
          <nfs>
            <serie>NFSE</serie>
            <numDocto>1359</numDocto>
            <dtEmissaoNF>2022-08-03</dtEmissaoNF>
            <vlrBruto>98720,10</vlrBruto>
            <infoTpServ>
              <tpServico>100000002</tpServico>
              <vlrBaseRet>98720,10</vlrBaseRet>
              <vlrRetencao>10859,21</vlrRetencao>
            </infoTpServ>
          </nfs>
        </idePrestServ>
      </ideEstabObra>
      <ideEstabObra>
        <tpInscEstab>1</tpInscEstab>
        <nrInscEstab>46588950000180</nrInscEstab>
        <indObra>0</indObra>
        <idePrestServ>
          <cnpjPrestador>22535466000124</cnpjPrestador>
          <vlrTotalBruto>98720,10</vlrTotalBruto>
          <vlrTotalBaseRet>98720,10</vlrTotalBaseRet>
          <vlrTotalRetPrinc>10859,21</vlrTotalRetPrinc>
          <indCPRB>0</indCPRB>
          <nfs>
            <serie>NFSE</serie>
            <numDocto>1359</numDocto>
            <dtEmissaoNF>2022-08-03</dtEmissaoNF>
            <vlrBruto>98720,10</vlrBruto>
            <infoTpServ>
              <tpServico>100000002</tpServico>
              <vlrBaseRet>98720,10</vlrBaseRet>
              <vlrRetencao>10859,21</vlrRetencao>
            </infoTpServ>
          </nfs>
        </idePrestServ>
      </ideEstabObra>
       <ideEstabObra>
        <tpInscEstab>1</tpInscEstab>
        <nrInscEstab>46588950000180</nrInscEstab>
        <indObra>0</indObra>
        <idePrestServ>
          <cnpjPrestador>22688290000140</cnpjPrestador>
          <vlrTotalBruto>71476,40</vlrTotalBruto>
          <vlrTotalBaseRet>71476,40</vlrTotalBaseRet>
          <vlrTotalRetPrinc>7862,40</vlrTotalRetPrinc>
          <indCPRB>0</indCPRB>
          <nfs>
            <serie>NFSE</serie>
            <numDocto>16795</numDocto>
            <dtEmissaoNF>2022-08-17</dtEmissaoNF>
            <vlrBruto>71476,40</vlrBruto>
            <infoTpServ>
              <tpServico>100000001</tpServico>
              <vlrBaseRet>71476,40</vlrBaseRet>
              <vlrRetencao>7862,40</vlrRetencao>
            </infoTpServ>
          </nfs>
        </idePrestServ>
      </ideEstabObra>
       <ideEstabObra>
        <tpInscEstab>1</tpInscEstab>
        <nrInscEstab>46588950000180</nrInscEstab>
        <indObra>0</indObra>
        <idePrestServ>
          <cnpjPrestador>22688290000140</cnpjPrestador>
          <vlrTotalBruto>71476,40</vlrTotalBruto>
          <vlrTotalBaseRet>71476,40</vlrTotalBaseRet>
          <vlrTotalRetPrinc>7862,40</vlrTotalRetPrinc>
          <indCPRB>0</indCPRB>
          <nfs>
            <serie>NFSE</serie>
            <numDocto>16795</numDocto>
            <dtEmissaoNF>2022-08-17</dtEmissaoNF>
            <vlrBruto>71476,40</vlrBruto>
            <infoTpServ>
              <tpServico>100000001</tpServico>
              <vlrBaseRet>71476,40</vlrBaseRet>
              <vlrRetencao>7862,40</vlrRetencao>
            </infoTpServ>
          </nfs>
        </idePrestServ>
      </ideEstabObra>
       <ideEstabObra>
        <tpInscEstab>1</tpInscEstab>
        <nrInscEstab>46588950000180</nrInscEstab>
        <indObra>0</indObra>
        <idePrestServ>
          <cnpjPrestador>28740668000194</cnpjPrestador>
          <vlrTotalBruto>21224,88</vlrTotalBruto>
          <vlrTotalBaseRet>21224,88</vlrTotalBaseRet>
          <vlrTotalRetPrinc>2334,73</vlrTotalRetPrinc>
          <indCPRB>0</indCPRB>
          <nfs>
            <serie>NFSE</serie>
            <numDocto>2065</numDocto>
            <dtEmissaoNF>2022-08-19</dtEmissaoNF>
            <vlrBruto>21224,88</vlrBruto>
            <infoTpServ>
              <tpServico>100000031</tpServico>
              <vlrBaseRet>21224,88</vlrBaseRet>
              <vlrRetencao>2334,73</vlrRetencao>
            </infoTpServ>
          </nfs>
        </idePrestServ>
      </ideEstabObra>
       <ideEstabObra>
        <tpInscEstab>1</tpInscEstab>
        <nrInscEstab>46588950000180</nrInscEstab>
        <indObra>0</indObra>
        <idePrestServ>
          <cnpjPrestador>31725217000192</cnpjPrestador>
          <vlrTotalBruto>243460,81</vlrTotalBruto>
          <vlrTotalBaseRet>243460,81</vlrTotalBaseRet>
          <vlrTotalRetPrinc>26780,68</vlrTotalRetPrinc>
          <indCPRB>0</indCPRB>
          <nfs>
            <serie>NFSE</serie>
            <numDocto>463</numDocto>
            <dtEmissaoNF>2022-08-31</dtEmissaoNF>
            <vlrBruto>7690,83</vlrBruto>
            <infoTpServ>
              <tpServico>100000020</tpServico>
              <vlrBaseRet>7690,83</vlrBaseRet>
              <vlrRetencao>845,99</vlrRetencao>
            </infoTpServ>
          </nfs>
          <nfs>
            <serie>NFSE</serie>
            <numDocto>462</numDocto>
            <dtEmissaoNF>2022-08-31</dtEmissaoNF>
            <vlrBruto>23741,66</vlrBruto>
            <infoTpServ>
              <tpServico>100000001</tpServico>
              <vlrBaseRet>23741,66</vlrBaseRet>
              <vlrRetencao>2611,58</vlrRetencao>
            </infoTpServ>
          </nfs>
          <nfs>
            <serie>NFSE</serie>
            <numDocto>459</numDocto>
            <dtEmissaoNF>2022-08-25</dtEmissaoNF>
            <vlrBruto>212028,32</vlrBruto>
            <infoTpServ>
              <tpServico>100000003</tpServico>
              <vlrBaseRet>212028,32</vlrBaseRet>
              <vlrRetencao>23323,11</vlrRetencao>
            </infoTpServ>
          </nfs>
        </idePrestServ>
      </ideEstabObra>
      <ideEstabObra>
        <tpInscEstab>1</tpInscEstab>
        <nrInscEstab>46588950000180</nrInscEstab>
        <indObra>0</indObra>
        <idePrestServ>
          <cnpjPrestador>12745239000170</cnpjPrestador>
          <vlrTotalBruto>12846,34</vlrTotalBruto>
          <vlrTotalBaseRet>12846,34</vlrTotalBaseRet>
          <vlrTotalRetPrinc>449,62</vlrTotalRetPrinc>
          <indCPRB>1</indCPRB>
          <nfs>
            <serie>NFSE</serie>
            <numDocto>370</numDocto>
            <dtEmissaoNF>2022-08-29</dtEmissaoNF>
            <vlrBruto>12846,34</vlrBruto>
            <infoTpServ>
              <tpServico>100000003</tpServico>
              <vlrBaseRet>12846,34</vlrBaseRet>
              <vlrRetencao>449,62</vlrRetencao>
            </infoTpServ>
          </nfs>
        </idePrestServ>
      </ideEstabObra>
       <ideEstabObra>
        <tpInscEstab>1</tpInscEstab>
        <nrInscEstab>46588950000180</nrInscEstab>
        <indObra>0</indObra>
        <idePrestServ>
          <cnpjPrestador>11182479000140</cnpjPrestador>
          <vlrTotalBruto>601418,05</vlrTotalBruto>
          <vlrTotalBaseRet>601418,19</vlrTotalBaseRet>
          <vlrTotalRetPrinc>66155,95</vlrTotalRetPrinc>
          <indCPRB>0</indCPRB>
          <nfs>
            <serie>NFSE</serie>
            <numDocto>385</numDocto>
            <dtEmissaoNF>2022-08-10</dtEmissaoNF>
            <vlrBruto>2842,44</vlrBruto>
            <infoTpServ>
              <tpServico>100000031</tpServico>
              <vlrBaseRet>2842,44</vlrBaseRet>
              <vlrRetencao>312,66</vlrRetencao>
            </infoTpServ>
          </nfs>
          <nfs>
            <serie>NFSE</serie>
            <numDocto>387</numDocto>
            <dtEmissaoNF>2022-08-16</dtEmissaoNF>
            <vlrBruto>93345,54</vlrBruto>
            <infoTpServ>
              <tpServico>100000031</tpServico>
              <vlrBaseRet>93345,54</vlrBaseRet>
              <vlrRetencao>10268,00</vlrRetencao>
            </infoTpServ>
          </nfs>
          <nfs>
            <serie>NFSE</serie>
            <numDocto>382</numDocto>
            <dtEmissaoNF>2022-08-02</dtEmissaoNF>
            <vlrBruto>36695,52</vlrBruto>
            <infoTpServ>
              <tpServico>100000022</tpServico>
              <vlrBaseRet>36695,55</vlrBaseRet>
              <vlrRetencao>4036,51</vlrRetencao>
            </infoTpServ>
          </nfs>
          <nfs>
            <serie>NFSE</serie>
            <numDocto>383</numDocto>
            <dtEmissaoNF>2022-08-02</dtEmissaoNF>
            <vlrBruto>104247,01</vlrBruto>
            <infoTpServ>
              <tpServico>100000031</tpServico>
              <vlrBaseRet>104247,01</vlrBaseRet>
              <vlrRetencao>11467,17</vlrRetencao>
            </infoTpServ>
          </nfs>
          <nfs>
            <serie>NFSE</serie>
            <numDocto>377</numDocto>
            <dtEmissaoNF>2022-08-02</dtEmissaoNF>
            <vlrBruto>62530,68</vlrBruto>
            <infoTpServ>
              <tpServico>100000031</tpServico>
              <vlrBaseRet>62530,68</vlrBaseRet>
              <vlrRetencao>6878,37</vlrRetencao>
            </infoTpServ>
          </nfs>
          <nfs>
            <serie>NFSE</serie>
            <numDocto>380</numDocto>
            <dtEmissaoNF>2022-08-02</dtEmissaoNF>
            <vlrBruto>5636,14</vlrBruto>
            <infoTpServ>
              <tpServico>100000030</tpServico>
              <vlrBaseRet>5636,19</vlrBaseRet>
              <vlrRetencao>619,98</vlrRetencao>
            </infoTpServ>
          </nfs>
          <nfs>
            <serie>NFSE</serie>
            <numDocto>389</numDocto>
            <dtEmissaoNF>2022-08-16</dtEmissaoNF>
            <vlrBruto>21813,42</vlrBruto>
            <infoTpServ>
              <tpServico>100000031</tpServico>
              <vlrBaseRet>21813,42</vlrBaseRet>
              <vlrRetencao>2399,47</vlrRetencao>
            </infoTpServ>
          </nfs>
          <nfs>
            <serie>NFSE</serie>
            <numDocto>390</numDocto>
            <dtEmissaoNF>2022-08-16</dtEmissaoNF>
            <vlrBruto>16049,92</vlrBruto>
            <infoTpServ>
              <tpServico>100000031</tpServico>
              <vlrBaseRet>16049,92</vlrBaseRet>
              <vlrRetencao>1765,49</vlrRetencao>
            </infoTpServ>
          </nfs>
          <nfs>
            <serie>NFSE</serie>
            <numDocto>379</numDocto>
            <dtEmissaoNF>2022-08-02</dtEmissaoNF>
            <vlrBruto>20372,55</vlrBruto>
            <infoTpServ>
              <tpServico>100000031</tpServico>
              <vlrBaseRet>20372,55</vlrBaseRet>
              <vlrRetencao>2240,98</vlrRetencao>
            </infoTpServ>
          </nfs>
          <nfs>
            <serie>NFSE</serie>
            <numDocto>386</numDocto>
            <dtEmissaoNF>2022-08-10</dtEmissaoNF>
            <vlrBruto>39713,22</vlrBruto>
            <infoTpServ>
              <tpServico>100000031</tpServico>
              <vlrBaseRet>39713,22</vlrBaseRet>
              <vlrRetencao>4368,45</vlrRetencao>
            </infoTpServ>
          </nfs>
          <nfs>
            <serie>NFSE</serie>
            <numDocto>378</numDocto>
            <dtEmissaoNF>2022-08-02</dtEmissaoNF>
            <vlrBruto>6586,26</vlrBruto>
            <infoTpServ>
              <tpServico>100000025</tpServico>
              <vlrBaseRet>6586,28</vlrBaseRet>
              <vlrRetencao>724,49</vlrRetencao>
            </infoTpServ>
          </nfs>
          <nfs>
            <serie>NFSE</serie>
            <numDocto>381</numDocto>
            <dtEmissaoNF>2022-08-02</dtEmissaoNF>
            <vlrBruto>45499,87</vlrBruto>
            <infoTpServ>
              <tpServico>100000031</tpServico>
              <vlrBaseRet>45499,91</vlrBaseRet>
              <vlrRetencao>5004,99</vlrRetencao>
            </infoTpServ>
          </nfs>
          <nfs>
            <serie>NFSE</serie>
            <numDocto>391</numDocto>
            <dtEmissaoNF>2022-08-17</dtEmissaoNF>
            <vlrBruto>61840,90</vlrBruto>
            <infoTpServ>
              <tpServico>100000031</tpServico>
              <vlrBaseRet>61840,90</vlrBaseRet>
              <vlrRetencao>6802,49</vlrRetencao>
            </infoTpServ>
          </nfs>
          <nfs>
            <serie>NFSE</serie>
            <numDocto>388</numDocto>
            <dtEmissaoNF>2022-08-16</dtEmissaoNF>
            <vlrBruto>84244,58</vlrBruto>
            <infoTpServ>
              <tpServico>100000031</tpServico>
              <vlrBaseRet>84244,58</vlrBaseRet>
              <vlrRetencao>9266,90</vlrRetencao>
            </infoTpServ>
          </nfs>
        </idePrestServ>
      </ideEstabObra>
      <ideEstabObra>
        <tpInscEstab>1</tpInscEstab>
        <nrInscEstab>46588950000180</nrInscEstab>
        <indObra>0</indObra>
        <idePrestServ>
          <cnpjPrestador>40474633000156</cnpjPrestador>
          <vlrTotalBruto>8032,50</vlrTotalBruto>
          <vlrTotalBaseRet>8032,50</vlrTotalBaseRet>
          <vlrTotalRetPrinc>883,57</vlrTotalRetPrinc>
          <indCPRB>0</indCPRB>
          <nfs>
            <serie>NFSE</serie>
            <numDocto>28</numDocto>
            <dtEmissaoNF>2022-08-01</dtEmissaoNF>
            <vlrBruto>8032,50</vlrBruto>
            <infoTpServ>
              <tpServico>100000001</tpServico>
              <vlrBaseRet>8032,50</vlrBaseRet>
              <vlrRetencao>883,57</vlrRetencao>
            </infoTpServ>
          </nfs>
        </idePrestServ>
      </ideEstabObra>
      <ideEstabObra>
        <tpInscEstab>4</tpInscEstab>
        <nrInscEstab>090087194579</nrInscEstab>
        <indObra>1</indObra>
        <idePrestServ>
          <cnpjPrestador>14173369000100</cnpjPrestador>
          <vlrTotalBruto>398815,92</vlrTotalBruto>
          <vlrTotalBaseRet>119644,78</vlrTotalBaseRet>
          <vlrTotalRetPrinc>13160,92</vlrTotalRetPrinc>
          <indCPRB>0</indCPRB>
          <nfs>
            <serie>NFSE</serie>
            <numDocto>891</numDocto>
            <dtEmissaoNF>2022-08-02</dtEmissaoNF>
            <vlrBruto>398815,92</vlrBruto>
            <infoTpServ>
              <tpServico>100000003</tpServico>
              <vlrBaseRet>119644,78</vlrBaseRet>
              <vlrRetencao>13160,92</vlrRetencao>
            </infoTpServ>
          </nfs>
        </idePrestServ>
      </ideEstabObra>
      <ideEstabObra>
        <tpInscEstab>1</tpInscEstab>
        <nrInscEstab>46588950000180</nrInscEstab>
        <indObra>0</indObra>
        <idePrestServ>
          <cnpjPrestador>23761079000179</cnpjPrestador>
          <vlrTotalBruto>300,00</vlrTotalBruto>
          <vlrTotalBaseRet>300,00</vlrTotalBaseRet>
          <vlrTotalRetPrinc>33,00</vlrTotalRetPrinc>
          <indCPRB>0</indCPRB>
          <nfs>
            <serie>NFSE</serie>
            <numDocto>8659</numDocto>
            <dtEmissaoNF>2022-08-16</dtEmissaoNF>
            <vlrBruto>300,00</vlrBruto>
            <infoTpServ>
              <tpServico>100000001</tpServico>
              <vlrBaseRet>300,00</vlrBaseRet>
              <vlrRetencao>33,00</vlrRetencao>
            </infoTpServ>
          </nfs>
        </idePrestServ>
      </ideEstabObra>
       <ideEstabObra>
        <tpInscEstab>1</tpInscEstab>
        <nrInscEstab>46588950000180</nrInscEstab>
        <indObra>0</indObra>
        <idePrestServ>
          <cnpjPrestador>21904192000130</cnpjPrestador>
          <vlrTotalBruto>24989,68</vlrTotalBruto>
          <vlrTotalBaseRet>21777,91</vlrTotalBaseRet>
          <vlrTotalRetPrinc>2395,57</vlrTotalRetPrinc>
          <indCPRB>0</indCPRB>
          <nfs>
            <serie>NFSE</serie>
            <numDocto>846</numDocto>
            <dtEmissaoNF>2022-08-16</dtEmissaoNF>
            <vlrBruto>24989,68</vlrBruto>
            <infoTpServ>
              <tpServico>100000025</tpServico>
              <vlrBaseRet>21777,91</vlrBaseRet>
              <vlrRetencao>2395,57</vlrRetencao>
            </infoTpServ>
          </nfs>
        </idePrestServ>
      </ideEstabObra>
       <ideEstabObra>
        <tpInscEstab>4</tpInscEstab>
        <nrInscEstab>900107898778</nrInscEstab>
        <indObra>1</indObra>
        <idePrestServ>
          <cnpjPrestador>14545614000163</cnpjPrestador>
          <vlrTotalBruto>84058,05</vlrTotalBruto>
          <vlrTotalBaseRet>42029,02</vlrTotalBaseRet>
          <vlrTotalRetPrinc>1471,01</vlrTotalRetPrinc>
          <indCPRB>1</indCPRB>
          <nfs>
            <serie>NFSE</serie>
            <numDocto>426</numDocto>
            <dtEmissaoNF>2022-08-23</dtEmissaoNF>
            <vlrBruto>84058,05</vlrBruto>
            <infoTpServ>
              <tpServico>100000003</tpServico>
              <vlrBaseRet>42029,02</vlrBaseRet>
              <vlrRetencao>1471,01</vlrRetencao>
            </infoTpServ>
          </nfs>
        </idePrestServ>
      </ideEstabObra>
       <ideEstabObra>
        <tpInscEstab>4</tpInscEstab>
        <nrInscEstab>900108416974</nrInscEstab>
        <indObra>1</indObra>
        <idePrestServ>
          <cnpjPrestador>14545614000163</cnpjPrestador>
          <vlrTotalBruto>80875,61</vlrTotalBruto>
          <vlrTotalBaseRet>40437,80</vlrTotalBaseRet>
          <vlrTotalRetPrinc>1415,32</vlrTotalRetPrinc>
          <indCPRB>1</indCPRB>
          <nfs>
            <serie>NFSE</serie>
            <numDocto>425</numDocto>
            <dtEmissaoNF>2022-08-22</dtEmissaoNF>
            <vlrBruto>80875,61</vlrBruto>
            <infoTpServ>
              <tpServico>100000003</tpServico>
              <vlrBaseRet>40437,80</vlrBaseRet>
              <vlrRetencao>1415,32</vlrRetencao>
            </infoTpServ>
          </nfs>
        </idePrestServ>
      </ideEstabObra>
       <ideEstabObra>
        <tpInscEstab>1</tpInscEstab>
        <nrInscEstab>46588950000180</nrInscEstab>
        <indObra>0</indObra>
        <idePrestServ>
          <cnpjPrestador>03138471000159</cnpjPrestador>
          <vlrTotalBruto>26979,21</vlrTotalBruto>
          <vlrTotalBaseRet>26979,29</vlrTotalBaseRet>
          <vlrTotalRetPrinc>2967,72</vlrTotalRetPrinc>
          <indCPRB>0</indCPRB>
          <nfs>
            <serie>NFSE</serie>
            <numDocto>1614</numDocto>
            <dtEmissaoNF>2022-08-04</dtEmissaoNF>
            <vlrBruto>11731,74</vlrBruto>
            <infoTpServ>
              <tpServico>100000001</tpServico>
              <vlrBaseRet>11731,82</vlrBaseRet>
              <vlrRetencao>1290,50</vlrRetencao>
            </infoTpServ>
          </nfs>
          <nfs>
            <serie>NFSE</serie>
            <numDocto>1616</numDocto>
            <dtEmissaoNF>2022-08-10</dtEmissaoNF>
            <vlrBruto>15247,47</vlrBruto>
            <infoTpServ>
              <tpServico>100000031</tpServico>
              <vlrBaseRet>15247,47</vlrBaseRet>
              <vlrRetencao>1677,22</vlrRetencao>
            </infoTpServ>
          </nfs>
        </idePrestServ>
      </ideEstabObra>
       <ideEstabObra>
        <tpInscEstab>1</tpInscEstab>
        <nrInscEstab>46588950000180</nrInscEstab>
        <indObra>0</indObra>
        <idePrestServ>
          <cnpjPrestador>24980119000136</cnpjPrestador>
          <vlrTotalBruto>43316,66</vlrTotalBruto>
          <vlrTotalBaseRet>36980,25</vlrTotalBaseRet>
          <vlrTotalRetPrinc>4067,82</vlrTotalRetPrinc>
          <indCPRB>0</indCPRB>
          <nfs>
            <serie>NFSE</serie>
            <numDocto>474</numDocto>
            <dtEmissaoNF>2022-08-09</dtEmissaoNF>
            <vlrBruto>43316,66</vlrBruto>
            <infoTpServ>
              <tpServico>100000025</tpServico>
              <vlrBaseRet>36980,25</vlrBaseRet>
              <vlrRetencao>4067,82</vlrRetencao>
            </infoTpServ>
          </nfs>
        </idePrestServ>
      </ideEstabObra>
      <ideEstabObra>
        <tpInscEstab>1</tpInscEstab>
        <nrInscEstab>46588950000180</nrInscEstab>
        <indObra>0</indObra>
        <idePrestServ>
          <cnpjPrestador>11588973000100</cnpjPrestador>
          <vlrTotalBruto>5914,62</vlrTotalBruto>
          <vlrTotalBaseRet>5914,65</vlrTotalBaseRet>
          <vlrTotalRetPrinc>650,61</vlrTotalRetPrinc>
          <indCPRB>0</indCPRB>
          <nfs>
            <serie>NFSE</serie>
            <numDocto>1602</numDocto>
            <dtEmissaoNF>2022-08-03</dtEmissaoNF>
            <vlrBruto>1724,46</vlrBruto>
            <infoTpServ>
              <tpServico>100000001</tpServico>
              <vlrBaseRet>1724,46</vlrBaseRet>
              <vlrRetencao>189,69</vlrRetencao>
            </infoTpServ>
          </nfs>
          <nfs>
            <serie>NFSE</serie>
            <numDocto>1605</numDocto>
            <dtEmissaoNF>2022-08-15</dtEmissaoNF>
            <vlrBruto>4190,16</vlrBruto>
            <infoTpServ>
              <tpServico>100000001</tpServico>
              <vlrBaseRet>4190,19</vlrBaseRet>
              <vlrRetencao>460,92</vlrRetencao>
            </infoTpServ>
          </nfs>
        </idePrestServ>
      </ideEstabObra>
       <ideEstabObra>
        <tpInscEstab>1</tpInscEstab>
        <nrInscEstab>46588950000180</nrInscEstab>
        <indObra>0</indObra>
        <idePrestServ>
          <cnpjPrestador>11588973000100</cnpjPrestador>
          <vlrTotalBruto>5914,62</vlrTotalBruto>
          <vlrTotalBaseRet>5914,65</vlrTotalBaseRet>
          <vlrTotalRetPrinc>650,61</vlrTotalRetPrinc>
          <indCPRB>0</indCPRB>
          <nfs>
            <serie>NFSE</serie>
            <numDocto>1602</numDocto>
            <dtEmissaoNF>2022-08-03</dtEmissaoNF>
            <vlrBruto>1724,46</vlrBruto>
            <infoTpServ>
              <tpServico>100000001</tpServico>
              <vlrBaseRet>1724,46</vlrBaseRet>
              <vlrRetencao>189,69</vlrRetencao>
            </infoTpServ>
          </nfs>
          <nfs>
            <serie>NFSE</serie>
            <numDocto>1605</numDocto>
            <dtEmissaoNF>2022-08-15</dtEmissaoNF>
            <vlrBruto>4190,16</vlrBruto>
            <infoTpServ>
              <tpServico>100000001</tpServico>
              <vlrBaseRet>4190,19</vlrBaseRet>
              <vlrRetencao>460,92</vlrRetencao>
            </infoTpServ>
          </nfs>
        </idePrestServ>
      </ideEstabObra>
      <ideEstabObra>
        <tpInscEstab>1</tpInscEstab>
        <nrInscEstab>46588950000180</nrInscEstab>
        <indObra>0</indObra>
        <idePrestServ>
          <cnpjPrestador>09469092000128</cnpjPrestador>
          <vlrTotalBruto>96268,59</vlrTotalBruto>
          <vlrTotalBaseRet>96268,59</vlrTotalBaseRet>
          <vlrTotalRetPrinc>10589,54</vlrTotalRetPrinc>
          <indCPRB>0</indCPRB>
          <nfs>
            <serie>NFSE</serie>
            <numDocto>1327</numDocto>
            <dtEmissaoNF>2022-08-31</dtEmissaoNF>
            <vlrBruto>96268,59</vlrBruto>
            <infoTpServ>
              <tpServico>100000001</tpServico>
              <vlrBaseRet>96268,59</vlrBaseRet>
              <vlrRetencao>10589,54</vlrRetencao>
            </infoTpServ>
          </nfs>
        </idePrestServ>
      </ideEstabObra>
      <ideEstabObra>
        <tpInscEstab>1</tpInscEstab>
        <nrInscEstab>46588950000180</nrInscEstab>
        <indObra>0</indObra>
        <idePrestServ>
          <cnpjPrestador>03848916000194</cnpjPrestador>
          <vlrTotalBruto>25868,45</vlrTotalBruto>
          <vlrTotalBaseRet>25868,45</vlrTotalBaseRet>
          <vlrTotalRetPrinc>2845,52</vlrTotalRetPrinc>
          <indCPRB>0</indCPRB>
          <nfs>
            <serie>NFSE</serie>
            <numDocto>6019</numDocto>
            <dtEmissaoNF>2022-08-24</dtEmissaoNF>
            <vlrBruto>25868,45</vlrBruto>
            <infoTpServ>
              <tpServico>100000031</tpServico>
              <vlrBaseRet>25868,45</vlrBaseRet>
              <vlrRetencao>2845,52</vlrRetencao>
            </infoTpServ>
          </nfs>
        </idePrestServ>
      </ideEstabObra>
      <ideEstabObra>
        <tpInscEstab>1</tpInscEstab>
        <nrInscEstab>46588950000180</nrInscEstab>
        <indObra>0</indObra>
        <idePrestServ>
          <cnpjPrestador>03848916000194</cnpjPrestador>
          <vlrTotalBruto>25868,45</vlrTotalBruto>
          <vlrTotalBaseRet>25868,45</vlrTotalBaseRet>
          <vlrTotalRetPrinc>2845,52</vlrTotalRetPrinc>
          <indCPRB>0</indCPRB>
          <nfs>
            <serie>NFSE</serie>
            <numDocto>6019</numDocto>
            <dtEmissaoNF>2022-08-24</dtEmissaoNF>
            <vlrBruto>25868,45</vlrBruto>
            <infoTpServ>
              <tpServico>100000031</tpServico>
              <vlrBaseRet>25868,45</vlrBaseRet>
              <vlrRetencao>2845,52</vlrRetencao>
            </infoTpServ>
          </nfs>
        </idePrestServ>
      </ideEstabObra>
       <ideEstabObra>
        <tpInscEstab>1</tpInscEstab>
        <nrInscEstab>46588950000180</nrInscEstab>
        <indObra>0</indObra>
        <idePrestServ>
          <cnpjPrestador>03848916000194</cnpjPrestador>
          <vlrTotalBruto>25868,45</vlrTotalBruto>
          <vlrTotalBaseRet>25868,45</vlrTotalBaseRet>
          <vlrTotalRetPrinc>2845,52</vlrTotalRetPrinc>
          <indCPRB>0</indCPRB>
          <nfs>
            <serie>NFSE</serie>
            <numDocto>6019</numDocto>
            <dtEmissaoNF>2022-08-24</dtEmissaoNF>
            <vlrBruto>25868,45</vlrBruto>
            <infoTpServ>
              <tpServico>100000031</tpServico>
              <vlrBaseRet>25868,45</vlrBaseRet>
              <vlrRetencao>2845,52</vlrRetencao>
            </infoTpServ>
          </nfs>
        </idePrestServ>
      </ideEstabObra>
       <ideEstabObra>
        <tpInscEstab>4</tpInscEstab>
        <nrInscEstab>900115710669</nrInscEstab>
        <indObra>1</indObra>
        <idePrestServ>
          <cnpjPrestador>08377981000100</cnpjPrestador>
          <vlrTotalBruto>277754,45</vlrTotalBruto>
          <vlrTotalBaseRet>27775,44</vlrTotalBaseRet>
          <vlrTotalRetPrinc>3055,29</vlrTotalRetPrinc>
          <indCPRB>0</indCPRB>
          <nfs>
            <serie>NFSE</serie>
            <numDocto>455</numDocto>
            <dtEmissaoNF>2022-08-12</dtEmissaoNF>
            <vlrBruto>277754,45</vlrBruto>
            <infoTpServ>
              <tpServico>100000003</tpServico>
              <vlrBaseRet>27775,44</vlrBaseRet>
              <vlrRetencao>3055,29</vlrRetencao>
            </infoTpServ>
          </nfs>
        </idePrestServ>
      </ideEstabObra>
      <ideEstabObra>
        <tpInscEstab>1</tpInscEstab>
        <nrInscEstab>46588950000180</nrInscEstab>
        <indObra>0</indObra>
        <idePrestServ>
          <cnpjPrestador>13300325000131</cnpjPrestador>
          <vlrTotalBruto>294337,54</vlrTotalBruto>
          <vlrTotalBaseRet>294337,55</vlrTotalBaseRet>
          <vlrTotalRetPrinc>32377,13</vlrTotalRetPrinc>
          <indCPRB>0</indCPRB>
          <nfs>
            <serie>NFSE</serie>
            <numDocto>2708</numDocto>
            <dtEmissaoNF>2022-08-02</dtEmissaoNF>
            <vlrBruto>294337,54</vlrBruto>
            <infoTpServ>
              <tpServico>100000031</tpServico>
              <vlrBaseRet>294337,55</vlrBaseRet>
              <vlrRetencao>32377,13</vlrRetencao>
            </infoTpServ>
          </nfs>
        </idePrestServ>
      </ideEstabObra>
      <ideEstabObra>
        <tpInscEstab>1</tpInscEstab>
        <nrInscEstab>46588950000180</nrInscEstab>
        <indObra>0</indObra>
        <idePrestServ>
          <cnpjPrestador>30546399000171</cnpjPrestador>
          <vlrTotalBruto>85999,76</vlrTotalBruto>
          <vlrTotalBaseRet>85999,76</vlrTotalBaseRet>
          <vlrTotalRetPrinc>9459,97</vlrTotalRetPrinc>
          <indCPRB>0</indCPRB>
          <nfs>
            <serie>NFSE</serie>
            <numDocto>425</numDocto>
            <dtEmissaoNF>2022-08-01</dtEmissaoNF>
            <vlrBruto>33999,76</vlrBruto>
            <infoTpServ>
              <tpServico>100000002</tpServico>
              <vlrBaseRet>33999,76</vlrBaseRet>
              <vlrRetencao>3739,97</vlrRetencao>
            </infoTpServ>
          </nfs>
          <nfs>
            <serie>NFSE</serie>
            <numDocto>426</numDocto>
            <dtEmissaoNF>2022-08-01</dtEmissaoNF>
            <vlrBruto>52000,00</vlrBruto>
            <infoTpServ>
              <tpServico>100000002</tpServico>
              <vlrBaseRet>52000,00</vlrBaseRet>
              <vlrRetencao>5720,00</vlrRetencao>
            </infoTpServ>
          </nfs>
        </idePrestServ>
      </ideEstabObra>
       <ideEstabObra>
        <tpInscEstab>1</tpInscEstab>
        <nrInscEstab>46588950000180</nrInscEstab>
        <indObra>0</indObra>
        <idePrestServ>
          <cnpjPrestador>30546399000171</cnpjPrestador>
          <vlrTotalBruto>85999,76</vlrTotalBruto>
          <vlrTotalBaseRet>85999,76</vlrTotalBaseRet>
          <vlrTotalRetPrinc>9459,97</vlrTotalRetPrinc>
          <indCPRB>0</indCPRB>
          <nfs>
            <serie>NFSE</serie>
            <numDocto>425</numDocto>
            <dtEmissaoNF>2022-08-01</dtEmissaoNF>
            <vlrBruto>33999,76</vlrBruto>
            <infoTpServ>
              <tpServico>100000002</tpServico>
              <vlrBaseRet>33999,76</vlrBaseRet>
              <vlrRetencao>3739,97</vlrRetencao>
            </infoTpServ>
          </nfs>
          <nfs>
            <serie>NFSE</serie>
            <numDocto>426</numDocto>
            <dtEmissaoNF>2022-08-01</dtEmissaoNF>
            <vlrBruto>52000,00</vlrBruto>
            <infoTpServ>
              <tpServico>100000002</tpServico>
              <vlrBaseRet>52000,00</vlrBaseRet>
              <vlrRetencao>5720,00</vlrRetencao>
            </infoTpServ>
          </nfs>
        </idePrestServ>
      </ideEstabObra>
       <ideEstabObra>
        <tpInscEstab>1</tpInscEstab>
        <nrInscEstab>46588950000180</nrInscEstab>
        <indObra>0</indObra>
        <idePrestServ>
          <cnpjPrestador>04377855000197</cnpjPrestador>
          <vlrTotalBruto>1453020,86</vlrTotalBruto>
          <vlrTotalBaseRet>1453020,86</vlrTotalBaseRet>
          <vlrTotalRetPrinc>159832,29</vlrTotalRetPrinc>
          <indCPRB>0</indCPRB>
          <nfs>
            <serie>NFSE</serie>
            <numDocto>13</numDocto>
            <dtEmissaoNF>2022-08-02</dtEmissaoNF>
            <vlrBruto>1453020,86</vlrBruto>
            <infoTpServ>
              <tpServico>100000031</tpServico>
              <vlrBaseRet>1453020,86</vlrBaseRet>
              <vlrRetencao>159832,29</vlrRetencao>
            </infoTpServ>
          </nfs>
        </idePrestServ>
      </ideEstabObra>
        <ideEstabObra>
        <tpInscEstab>1</tpInscEstab>
        <nrInscEstab>46588950000180</nrInscEstab>
        <indObra>0</indObra>
        <idePrestServ>
          <cnpjPrestador>14407641000170</cnpjPrestador>
          <vlrTotalBruto>200,00</vlrTotalBruto>
          <vlrTotalBaseRet>200,00</vlrTotalBaseRet>
          <vlrTotalRetPrinc>22,00</vlrTotalRetPrinc>
          <indCPRB>0</indCPRB>
          <nfs>
            <serie>NFSE</serie>
            <numDocto>7511</numDocto>
            <dtEmissaoNF>2022-08-01</dtEmissaoNF>
            <vlrBruto>200,00</vlrBruto>
            <infoTpServ>
              <tpServico>100000020</tpServico>
              <vlrBaseRet>200,00</vlrBaseRet>
              <vlrRetencao>22,00</vlrRetencao>
            </infoTpServ>
          </nfs>
        </idePrestServ>
      </ideEstabObra>
      <ideEstabObra>
        <tpInscEstab>1</tpInscEstab>
        <nrInscEstab>46588950000180</nrInscEstab>
        <indObra>0</indObra>
        <idePrestServ>
          <cnpjPrestador>17312448005021</cnpjPrestador>
          <vlrTotalBruto>2596,00</vlrTotalBruto>
          <vlrTotalBaseRet>2596,00</vlrTotalBaseRet>
          <vlrTotalRetPrinc>285,56</vlrTotalRetPrinc>
          <indCPRB>0</indCPRB>
          <nfs>
            <serie>NFSE</serie>
            <numDocto>1169</numDocto>
            <dtEmissaoNF>2022-08-05</dtEmissaoNF>
            <vlrBruto>2596,00</vlrBruto>
            <infoTpServ>
              <tpServico>100000020</tpServico>
              <vlrBaseRet>2596,00</vlrBaseRet>
              <vlrRetencao>285,56</vlrRetencao>
            </infoTpServ>
          </nfs>
        </idePrestServ>
      </ideEstabObra>
      <ideEstabObra>
        <tpInscEstab>4</tpInscEstab>
        <nrInscEstab>900105709575</nrInscEstab>
        <indObra>1</indObra>
        <idePrestServ>
          <cnpjPrestador>05321084000189</cnpjPrestador>
          <vlrTotalBruto>417484,94</vlrTotalBruto>
          <vlrTotalBaseRet>41748,48</vlrTotalBaseRet>
          <vlrTotalRetPrinc>4592,32</vlrTotalRetPrinc>
          <indCPRB>0</indCPRB>
          <nfs>
            <serie>NFSE</serie>
            <numDocto>853</numDocto>
            <dtEmissaoNF>2022-08-02</dtEmissaoNF>
            <vlrBruto>303418,63</vlrBruto>
            <infoTpServ>
              <tpServico>100000003</tpServico>
              <vlrBaseRet>30341,86</vlrBaseRet>
              <vlrRetencao>3337,60</vlrRetencao>
            </infoTpServ>
          </nfs>
          <nfs>
            <serie>NFSE</serie>
            <numDocto>851</numDocto>
            <dtEmissaoNF>2022-08-02</dtEmissaoNF>
            <vlrBruto>39087,85</vlrBruto>
            <infoTpServ>
              <tpServico>100000003</tpServico>
              <vlrBaseRet>3908,78</vlrBaseRet>
              <vlrRetencao>429,96</vlrRetencao>
            </infoTpServ>
          </nfs>
          <nfs>
            <serie>NFSE</serie>
            <numDocto>852</numDocto>
            <dtEmissaoNF>2022-08-02</dtEmissaoNF>
            <vlrBruto>74978,46</vlrBruto>
            <infoTpServ>
              <tpServico>100000003</tpServico>
              <vlrBaseRet>7497,84</vlrBaseRet>
              <vlrRetencao>824,76</vlrRetencao>
            </infoTpServ>
          </nfs>
        </idePrestServ>
      </ideEstabObra>
      <ideEstabObra>
        <tpInscEstab>1</tpInscEstab>
        <nrInscEstab>46588950000180</nrInscEstab>
        <indObra>0</indObra>
        <idePrestServ>
          <cnpjPrestador>05321084000189</cnpjPrestador>
          <vlrTotalBruto>1139373,08</vlrTotalBruto>
          <vlrTotalBaseRet>113937,37</vlrTotalBaseRet>
          <vlrTotalRetPrinc>12533,11</vlrTotalRetPrinc>
          <indCPRB>0</indCPRB>
          <nfs>
            <serie>NFSE</serie>
            <numDocto>849</numDocto>
            <dtEmissaoNF>2022-08-01</dtEmissaoNF>
            <vlrBruto>853479,04</vlrBruto>
            <infoTpServ>
              <tpServico>100000031</tpServico>
              <vlrBaseRet>85347,91</vlrBaseRet>
              <vlrRetencao>9388,27</vlrRetencao>
            </infoTpServ>
          </nfs>
          <nfs>
            <serie>NFSE</serie>
            <numDocto>850</numDocto>
            <dtEmissaoNF>2022-08-01</dtEmissaoNF>
            <vlrBruto>274025,27</vlrBruto>
            <infoTpServ>
              <tpServico>100000031</tpServico>
              <vlrBaseRet>27402,55</vlrBaseRet>
              <vlrRetencao>3014,28</vlrRetencao>
            </infoTpServ>
          </nfs>
          <nfs>
            <serie>NFSE</serie>
            <numDocto>848</numDocto>
            <dtEmissaoNF>2022-08-01</dtEmissaoNF>
            <vlrBruto>11868,77</vlrBruto>
            <infoTpServ>
              <tpServico>100000031</tpServico>
              <vlrBaseRet>1186,91</vlrBaseRet>
              <vlrRetencao>130,56</vlrRetencao>
            </infoTpServ>
          </nfs>
        </idePrestServ>
      </ideEstabObra>
      <ideEstabObra>
        <tpInscEstab>1</tpInscEstab>
        <nrInscEstab>46588950000180</nrInscEstab>
        <indObra>0</indObra>
        <idePrestServ>
          <cnpjPrestador>52501178000110</cnpjPrestador>
          <vlrTotalBruto>17500,00</vlrTotalBruto>
          <vlrTotalBaseRet>17500,00</vlrTotalBaseRet>
          <vlrTotalRetPrinc>1925,00</vlrTotalRetPrinc>
          <indCPRB>0</indCPRB>
          <nfs>
            <serie>NFSE</serie>
            <numDocto>969</numDocto>
            <dtEmissaoNF>2022-08-03</dtEmissaoNF>
            <vlrBruto>17500,00</vlrBruto>
            <infoTpServ>
              <tpServico>100000001</tpServico>
              <vlrBaseRet>17500,00</vlrBaseRet>
              <vlrRetencao>1925,00</vlrRetencao>
            </infoTpServ>
          </nfs>
        </idePrestServ>
      </ideEstabObra>
       <ideEstabObra>
        <tpInscEstab>1</tpInscEstab>
        <nrInscEstab>46588950000180</nrInscEstab>
        <indObra>0</indObra>
        <idePrestServ>
          <cnpjPrestador>20990118000111</cnpjPrestador>
          <vlrTotalBruto>39855,15</vlrTotalBruto>
          <vlrTotalBaseRet>31884,11</vlrTotalBaseRet>
          <vlrTotalRetPrinc>3507,25</vlrTotalRetPrinc>
          <indCPRB>0</indCPRB>
          <nfs>
            <serie>NFSE</serie>
            <numDocto>335</numDocto>
            <dtEmissaoNF>2022-08-09</dtEmissaoNF>
            <vlrBruto>10135,93</vlrBruto>
            <infoTpServ>
              <tpServico>100000031</tpServico>
              <vlrBaseRet>8108,74</vlrBaseRet>
              <vlrRetencao>891,96</vlrRetencao>
            </infoTpServ>
          </nfs>
          <nfs>
            <serie>NFSE</serie>
            <numDocto>327</numDocto>
            <dtEmissaoNF>2022-08-03</dtEmissaoNF>
            <vlrBruto>29719,22</vlrBruto>
            <infoTpServ>
              <tpServico>100000001</tpServico>
              <vlrBaseRet>23775,37</vlrBaseRet>
              <vlrRetencao>2615,29</vlrRetencao>
            </infoTpServ>
          </nfs>
        </idePrestServ>
      </ideEstabObra>
       <ideEstabObra>
        <tpInscEstab>1</tpInscEstab>
        <nrInscEstab>46588950000180</nrInscEstab>
        <indObra>0</indObra>
        <idePrestServ>
          <cnpjPrestador>21297153000112</cnpjPrestador>
          <vlrTotalBruto>3528676,83</vlrTotalBruto>
          <vlrTotalBaseRet>3528676,91</vlrTotalBaseRet>
          <vlrTotalRetPrinc>388154,44</vlrTotalRetPrinc>
          <indCPRB>0</indCPRB>
          <nfs>
            <serie>NFSE</serie>
            <numDocto>604</numDocto>
            <dtEmissaoNF>2022-08-11</dtEmissaoNF>
            <vlrBruto>188261,49</vlrBruto>
            <infoTpServ>
              <tpServico>100000031</tpServico>
              <vlrBaseRet>188261,49</vlrBaseRet>
              <vlrRetencao>20708,76</vlrRetencao>
            </infoTpServ>
          </nfs>
          <nfs>
            <serie>NFSE</serie>
            <numDocto>544</numDocto>
            <dtEmissaoNF>2022-08-01</dtEmissaoNF>
            <vlrBruto>85552,45</vlrBruto>
            <infoTpServ>
              <tpServico>100000002</tpServico>
              <vlrBaseRet>85552,45</vlrBaseRet>
              <vlrRetencao>9410,76</vlrRetencao>
            </infoTpServ>
          </nfs>
          <nfs>
            <serie>NFSE</serie>
            <numDocto>546</numDocto>
            <dtEmissaoNF>2022-08-01</dtEmissaoNF>
            <vlrBruto>2050311,51</vlrBruto>
            <infoTpServ>
              <tpServico>100000002</tpServico>
              <vlrBaseRet>2050311,55</vlrBaseRet>
              <vlrRetencao>225534,27</vlrRetencao>
            </infoTpServ>
          </nfs>
          <nfs>
            <serie>NFSE</serie>
            <numDocto>606</numDocto>
            <dtEmissaoNF>2022-08-11</dtEmissaoNF>
            <vlrBruto>35915,13</vlrBruto>
            <infoTpServ>
              <tpServico>100000031</tpServico>
              <vlrBaseRet>35915,13</vlrBaseRet>
              <vlrRetencao>3950,66</vlrRetencao>
            </infoTpServ>
          </nfs>
          <nfs>
            <serie>NFSE</serie>
            <numDocto>547</numDocto>
            <dtEmissaoNF>2022-08-01</dtEmissaoNF>
            <vlrBruto>750182,06</vlrBruto>
            <infoTpServ>
              <tpServico>100000002</tpServico>
              <vlrBaseRet>750182,10</vlrBaseRet>
              <vlrRetencao>82520,03</vlrRetencao>
            </infoTpServ>
          </nfs>
          <nfs>
            <serie>NFSE</serie>
            <numDocto>605</numDocto>
            <dtEmissaoNF>2022-08-11</dtEmissaoNF>
            <vlrBruto>418454,19</vlrBruto>
            <infoTpServ>
              <tpServico>100000031</tpServico>
              <vlrBaseRet>418454,19</vlrBaseRet>
              <vlrRetencao>46029,96</vlrRetencao>
            </infoTpServ>
          </nfs>
        </idePrestServ>
      </ideEstabObra>
    </infoServTom>
  </evtServTom>
</Reinf>

